swaps_id,swaps_transaction_timestamp,swaps_logIndex,swaps_pair_id,swaps_pair_token0_symbol,swaps_pair_token0_decimals,swaps_pair_token1_symbol,swaps_pair_token1_decimals,swaps_amount0In,swaps_amount1Out,swaps_amountUSD,dateTime,calDate
0xedf21af8db6d4e70a40377cf80fe1fd6fb52abbc4cf2ce53188773743fbf8b17-0,1677014699,110,0x5769071665eb8db80e7e9226f92336bb2897dcfa,OHM,9,FRAX,18,327.958667079,3462.2724147507147,3462.2724147507147,2023-02-21 21:24:59,2023-02-22
0xfec262ce50b0db3cdcb3d6d4af6fcd1ac0eb2b91683571cf443f7ae6fe6e346d-0,1676968811,101,0x5769071665eb8db80e7e9226f92336bb2897dcfa,OHM,9,FRAX,18,274.359923236,2940.734218567897,2940.734218567897,2023-02-21 08:40:11,2023-02-22
0xd4f1c446c78a12f8329cc4bb38416169470f15ea200f3cfb3b118df86a9c5e4f-0,1676583755,367,0x5769071665eb8db80e7e9226f92336bb2897dcfa,OHM,9,FRAX,18,353.728337688,3786.8076943441997,3786.8076943441997,2023-02-16 21:42:35,2023-02-21
0x9d153005d579b05e979c41eb8b32460f5d0d4f59be1aba094dab786f543d6f23-0,1676336387,71,0x5769071665eb8db80e7e9226f92336bb2897dcfa,OHM,9,FRAX,18,113.237461872,1176.5296536263354,1176.5296536263354,2023-02-14 00:59:47,2023-02-21
0xdd856a3728d592f141bbf37751719f33461b179f36e3e5e6f8403076d4f072d7-0,1675983923,63,0x5769071665eb8db80e7e9226f92336bb2897dcfa,OHM,9,FRAX,18,204.937387719,2090.229189031845,2090.229189031845,2023-02-09 23:05:23,2023-02-19
0x4abc297bc4747083f54f7c15456f14e3554de75d8438a5036655a142d7d4c7c4-0,1675969247,168,0x5769071665eb8db80e7e9226f92336bb2897dcfa,OHM,9,FRAX,18,25.0,250.7089310847774,250.7089310847774,2023-02-09 19:00:47,2023-02-19
0xfd43ee3ac2c5341d22187cc38b9248cc3a5e81d9348dc2e4b3ef13d90119334e-0,1675335575,44,0x5769071665eb8db80e7e9226f92336bb2897dcfa,OHM,9,FRAX,18,217.807970898,2204.726665875026,2204.726665875026,2023-02-02 10:59:35,2023-02-19
0xebd8ef87a63bff70b582d36c62c5f8f588510d0f523283821c19dc92a0104dc4-0,1675335575,49,0x5769071665eb8db80e7e9226f92336bb2897dcfa,OHM,9,FRAX,18,573.0,5695.312692251263,5695.312692251263,2023-02-02 10:59:35,2023-02-19
0x9a8275200bc30e7a3b376871be1b241fe32b715d698cec7b48a393e79e786237-0,1675079759,43,0x5769071665eb8db80e7e9226f92336bb2897dcfa,OHM,9,FRAX,18,140.700469948,1382.8262640674632,1382.8262640674632,2023-01-30 11:55:59,2023-02-18
0xf93e80fbbb8ca7d151cfb40db74cc5c401f991ce4c64418b7daa8b81c8183ecf-0,1675069415,99,0x5769071665eb8db80e7e9226f92336bb2897dcfa,OHM,9,FRAX,18,210.92775315,2084.472762617706,2084.472762617706,2023-01-30 09:03:35,2023-02-18
0xfbbc77be352eccf643293b9addcfa5351a6111b075b5c16af4b83575629694ba-0,1675051715,5,0x5769071665eb8db80e7e9226f92336bb2897dcfa,OHM,9,FRAX,18,535.2381,5205.463704276522,5205.463704276522,2023-01-30 04:08:35,2023-02-17
0x697b76ea23cc081e148c09815587812e5c48bad504533034b2c67dca442e051b-0,1675051295,69,0x5769071665eb8db80e7e9226f92336bb2897dcfa,OHM,9,FRAX,18,387.0063,3795.481232710346,3795.481232710346,2023-01-30 04:01:35,2023-02-17
0xad1943fb1ba025ab693f546ad870e4891221d4f24aec7cc6dc68420013e1a5ba-0,1674766043,131,0x5769071665eb8db80e7e9226f92336bb2897dcfa,OHM,9,FRAX,18,128.724,1272.6298346505416,1272.6298346505416,2023-01-26 20:47:23,2023-02-16
0xc5552a13e631de21413cf4bcaf916fd64b45a722d8964f799bcbfc50a0225287-0,1674684875,318,0x5769071665eb8db80e7e9226f92336bb2897dcfa,OHM,9,FRAX,18,154.0,1524.4652724691002,1524.4652724691002,2023-01-25 22:14:35,2023-02-15
0x64b535bd1fbdbaa0f5b95507e2f8a234811d0c7da8fcfa582701a37cd8bb3343-0,1674509267,36,0x5769071665eb8db80e7e9226f92336bb2897dcfa,OHM,9,FRAX,18,330.735771283,3247.443039333137,3247.443039333137,2023-01-23 21:27:47,2023-02-15
0x5ea6c0090e0ef08db665f90fc9601f303eb0e7eba883f34c16928677b55ad3ea-0,1674427103,101,0x5769071665eb8db80e7e9226f92336bb2897dcfa,OHM,9,FRAX,18,146.589563767,1450.1152334837,1450.1152334837,2023-01-22 22:38:23,2023-02-15
0x9327acbb24adf3034fb8f8891aa25f8f5a520fa885315edc1c4bfade7c5c43bd-0,1674425339,156,0x5769071665eb8db80e7e9226f92336bb2897dcfa,OHM,9,FRAX,18,134.342611211,1334.834941365288,1334.834941365288,2023-01-22 22:08:59,2023-02-15
0x3733d67dad652e3a7efe10a7092386311142ec23a0a77c293a4b32ca355188ed-0,1674424883,12,0x5769071665eb8db80e7e9226f92336bb2897dcfa,OHM,9,FRAX,18,168.071119783,1677.8937783762992,1677.8937783762992,2023-01-22 22:01:23,2023-02-15
0x76b93cc74424fd66197a5d7d7218ca41bbe190073fd6fed3bfb52a8c0c65eeb1-0,1674376499,43,0x5769071665eb8db80e7e9226f92336bb2897dcfa,OHM,9,FRAX,18,143.148999177,1428.599156021502,1428.599156021502,2023-01-22 08:34:59,2023-02-15
0x2caf4c32cf8c493c5276cd5a33df38fe15eb6ed98d0f13317d262a2aae51c00e-0,1674347603,54,0x5769071665eb8db80e7e9226f92336bb2897dcfa,OHM,9,FRAX,18,175.273034696,1757.9602573918694,1757.9602573918694,2023-01-22 00:33:23,2023-02-15
0x7517c6217d0c093f47133b05369e0c65c5c8324b98c5cabe43c8da3993056e11-0,1674307727,17,0x5769071665eb8db80e7e9226f92336bb2897dcfa,OHM,9,FRAX,18,270.188401628,2687.2968307637234,2687.2968307637234,2023-01-21 13:28:47,2023-02-14
0xf66ff77b54b8b10f92c72766b9e8a6c78be7212eabedb09a2f7bbf7288881fe6-0,1674298931,66,0x5769071665eb8db80e7e9226f92336bb2897dcfa,OHM,9,FRAX,18,207.328286921,2077.2322295384743,2077.2322295384743,2023-01-21 11:02:11,2023-02-14
0xff394a1a3f4e1aba4777f60b858b6076c269aeb28dbe9f29d4965edb03c09a08-0,1673924291,79,0x5769071665eb8db80e7e9226f92336bb2897dcfa,OHM,9,FRAX,18,1412.74081116,14162.198114099578,14162.198114099578,2023-01-17 02:58:11,2023-02-14
0x9ca6c27bdae0613421ce92ea199ac2bff50f0c524a8f45d691c004357b8a6383-0,1673924291,37,0x5769071665eb8db80e7e9226f92336bb2897dcfa,OHM,9,FRAX,18,217.608878805,2267.2584683277664,2267.2584683277664,2023-01-17 02:58:11,2023-02-14
0x1f9f4ca0c567db2f6beba7d0aeba6837403f8662c9d54e8841635222ca1847fc-0,1673311343,309,0x5769071665eb8db80e7e9226f92336bb2897dcfa,OHM,9,FRAX,18,179.838065278,1746.66734207644,1746.66734207644,2023-01-10 00:42:23,2023-02-13
0xff0b392fae138c50395b08f22e0197a7311b1be1579fedcdc79a72edcac9c0bf-0,1673249663,13,0x5769071665eb8db80e7e9226f92336bb2897dcfa,OHM,9,FRAX,18,130.109976844,1272.4335736575724,1272.4335736575724,2023-01-09 07:34:23,2023-02-13
0x392d4a0dea2c10b0fb7b74085dd1465153bc06872a5990d8769f0a19fa769336-0,1673230463,33,0x5769071665eb8db80e7e9226f92336bb2897dcfa,OHM,9,FRAX,18,279.286579822,2743.311728846712,2743.311728846712,2023-01-09 02:14:23,2023-02-13
0x090bf6c83cbfb550e507a164c55f67d85114fc4f67ed780fa28b8d698dcde65b-0,1672108235,246,0x5769071665eb8db80e7e9226f92336bb2897dcfa,OHM,9,FRAX,18,243.78130616,2340.997971428642,2340.997971428642,2022-12-27 02:30:35,2023-02-12
0xa7427d41fcee8bc04365936f30e2ff247af4dcc316b0f19737e6c655cd3ec549-0,1671748043,97,0x5769071665eb8db80e7e9226f92336bb2897dcfa,OHM,9,FRAX,18,126.040704491,1220.1817750703653,1220.1817750703653,2022-12-22 22:27:23,2023-02-12
0x5af96f926ec50201d859b0009288577241bdc904c4b703dae645629bac574be2-0,1671744359,19,0x5769071665eb8db80e7e9226f92336bb2897dcfa,OHM,9,FRAX,18,391.425370415,3826.8401578225116,3826.8401578225116,2022-12-22 21:25:59,2023-02-12
0x00bbed1ae1c6e39c7821ab42e4aba00b4362066b16be7bf8e7e96525805407bf-0,1671742427,34,0x5769071665eb8db80e7e9226f92336bb2897dcfa,OHM,9,FRAX,18,49.986345111,492.6032188875677,492.6032188875677,2022-12-22 20:53:47,2023-02-11
0x6bf45200da96e75e5bbb0a5fbc7696ea0718c5c2f104a2f2605a6d041dcdd0eb-0,1671716627,8,0x5769071665eb8db80e7e9226f92336bb2897dcfa,OHM,9,FRAX,18,634.109898547,5999.9465000064965,5999.9465000064965,2022-12-22 13:43:47,2023-02-10
0xa2d58f40889d07f43453e2c8c5176e16d4294c6b447921fe5abe2891d391802e-0,1671659351,34,0x5769071665eb8db80e7e9226f92336bb2897dcfa,OHM,9,FRAX,18,5.486502228,52.50458764875066,52.50458764875066,2022-12-21 21:49:11,2023-02-10
0x534135d7c41d72e8177e3e790d087e7ed7133e7a4f9758a59e981c091ed67b77-0,1671658007,87,0x5769071665eb8db80e7e9226f92336bb2897dcfa,OHM,9,FRAX,18,22.857718667,218.65845538864656,218.65845538864656,2022-12-21 21:26:47,2023-02-09
0xc10d128289d78c6eaf211d445b321687578bb559db4d68c4a1e0f4c1e170483b-0,1671595355,9,0x5769071665eb8db80e7e9226f92336bb2897dcfa,OHM,9,FRAX,18,324.732971121,3125.814895743626,3125.814895743626,2022-12-21 04:02:35,2023-02-09
0x0bcd11ea21d8fd860278142395708109fd6b704bd71900bd8af27f45b2d3d8fc-0,1671469307,35,0x5769071665eb8db80e7e9226f92336bb2897dcfa,OHM,9,FRAX,18,148.773332969,1427.8280759955205,1427.8280759955205,2022-12-19 17:01:47,2023-02-09
0x14aba47db77166ab94c900acbe2ecebb75f072b85bd1948942f2f9bdd6c06b1c-0,1671419219,380,0x5769071665eb8db80e7e9226f92336bb2897dcfa,OHM,9,FRAX,18,124.001341912,1195.9245581875716,1195.9245581875716,2022-12-19 03:06:59,2023-02-09
0x8dc7538e4fad436152ade1823478c4b6527a2f227f6a21eb3e17990efde777d0-0,1671295619,77,0x5769071665eb8db80e7e9226f92336bb2897dcfa,OHM,9,FRAX,18,57.840644349,555.0971871143712,555.0971871143712,2022-12-17 16:46:59,2023-02-09
0xcc8b499cc5d21598b945ecb73cee80ce24f320cf1289b3d044d3350b5fe07c39-0,1671181343,320,0x5769071665eb8db80e7e9226f92336bb2897dcfa,OHM,9,FRAX,18,462.123140792,4387.447638647942,4387.447638647942,2022-12-16 09:02:23,2023-02-07
0xa255faf261ccec491056244fb3297ef2a4643c4fd466a0ccc0866b20acb50a3d-0,1671068927,389,0x5769071665eb8db80e7e9226f92336bb2897dcfa,OHM,9,FRAX,18,245.238315931,2338.6365656822845,2338.6365656822845,2022-12-15 01:48:47,2023-02-06
0x93221a5bd5ad25903adf7d44f408be8b868c4d69d428b98be1aed93d9a548d54-0,1670964179,57,0x5769071665eb8db80e7e9226f92336bb2897dcfa,OHM,9,FRAX,18,145.8183,1385.1957364142393,1385.1957364142393,2022-12-13 20:42:59,2023-02-04
0xf11c35dca235a0295fd9ec694f454d8573b4a9f676ab868cf4343eba5b2236bb-0,1670953883,17,0x5769071665eb8db80e7e9226f92336bb2897dcfa,OHM,9,FRAX,18,395.137147407,3787.1067372942366,3787.1067372942366,2022-12-13 17:51:23,2023-02-04
0x5f0c4e2a713bcd04526d13b0aa9878f99e6a1daf304a819f2360f391eae8da69-0,1670948075,31,0x5769071665eb8db80e7e9226f92336bb2897dcfa,OHM,9,FRAX,18,118.732942413,1147.8740205016022,1147.8740205016022,2022-12-13 16:14:35,2023-02-04
0xdf652d44a7464ff988f7d2b5c50971e00c0677ab776605df1ba8f02dd920b98d-0,1670942699,46,0x5769071665eb8db80e7e9226f92336bb2897dcfa,OHM,9,FRAX,18,218.698754111,2126.2988226718035,2126.2988226718035,2022-12-13 14:44:59,2023-02-04
0xbd4582544fc1076292b8434ee7181162918b798a830bfa20aa5bde0e889395b8-0,1670940887,26,0x5769071665eb8db80e7e9226f92336bb2897dcfa,OHM,9,FRAX,18,333.266806054,3270.400472050058,3270.400472050058,2022-12-13 14:14:47,2023-02-03
0x1144c0b12bf8b724116eee32b4382c845d31833d60515a05afaceb81657d9f38-0,1670914199,56,0x5769071665eb8db80e7e9226f92336bb2897dcfa,OHM,9,FRAX,18,154.326674209,1486.2137238916207,1486.2137238916207,2022-12-13 06:49:59,2023-02-03
0x15f59459fb59ad38f0baa05796ab5804509688e3aeb0fe35d62838f8c05f47a4-0,1670912663,410,0x5769071665eb8db80e7e9226f92336bb2897dcfa,OHM,9,FRAX,18,107.732647384,1042.0482097150752,1042.0482097150752,2022-12-13 06:24:23,2023-02-03
0x0b9a517eaa9948688c2bf432a09d441d59a135b18bf5543b4f356f04c9fcdc56-0,1670907467,499,0x5769071665eb8db80e7e9226f92336bb2897dcfa,OHM,9,FRAX,18,154.642788524,1502.3457913442926,1502.3457913442926,2022-12-13 04:57:47,2023-02-02
0x5a57999e50ea744c5282effc71e37ac660dfff83eec57704d2249a6b4360b1a2-0,1670907455,85,0x5769071665eb8db80e7e9226f92336bb2897dcfa,OHM,9,FRAX,18,224.457328385,2194.5622445123518,2194.5622445123518,2022-12-13 04:57:35,2023-02-02
0x802e4f99e051e728a5e8cd3a9ee2b11e7b7ca0aa285f48078dc23f608ce7d985-0,1670857919,12,0x5769071665eb8db80e7e9226f92336bb2897dcfa,OHM,9,FRAX,18,215.862533034,2043.1904171450765,2043.1904171450765,2022-12-12 15:11:59,2023-02-02
0x1c03710583c5bae821844b3417ebaa6a2b7858e29ea4de7b4266d892698fd5ae-0,1670610131,8,0x5769071665eb8db80e7e9226f92336bb2897dcfa,OHM,9,FRAX,18,300.955015851,2735.997143698989,2735.997143698989,2022-12-09 18:22:11,2023-01-31
0xba58dff80bbfd7eeb779f2efba2936334a01752cbbf3fdc9e147639b48872fb0-0,1670521247,72,0x5769071665eb8db80e7e9226f92336bb2897dcfa,OHM,9,FRAX,18,318.600721059,2881.6951486911257,2881.6951486911257,2022-12-08 17:40:47,2023-01-30
0xb88b4cd4429bdd6ccddcead4cd63630136d24b10f99c284e4c62fd05da1baf15-0,1670521187,19,0x5769071665eb8db80e7e9226f92336bb2897dcfa,OHM,9,FRAX,18,261.428340503,2386.9137135170913,2386.9137135170913,2022-12-08 17:39:47,2023-01-30
0x2669ab881225f5f5d16fbe393da04582b0a6cfaf461dc5bfa09821e88dda1ea1-0,1670397923,39,0x5769071665eb8db80e7e9226f92336bb2897dcfa,OHM,9,FRAX,18,203.293517311,1852.6485630062828,1852.6485630062828,2022-12-07 07:25:23,2023-01-30
0xe3e96f943dbf8ace70b5f840f1f7ac166c1e4d892d8dcb3bccf340018ed5a8b1-0,1670397059,54,0x5769071665eb8db80e7e9226f92336bb2897dcfa,OHM,9,FRAX,18,204.713999405,1878.0120695650473,1878.0120695650473,2022-12-07 07:10:59,2023-01-30
0x6887d8316822f047943d7aadc85837c3362b95a578c63e114613cb933d4971c5-0,1670393567,22,0x5769071665eb8db80e7e9226f92336bb2897dcfa,OHM,9,FRAX,18,232.568198783,2148.8223087500273,2148.8223087500273,2022-12-07 06:12:47,2023-01-30
0xb375ac40dd17eb5f28763f02122d20b01c96c6a215b308f7814f250baf7a3c07-0,1670325659,112,0x5769071665eb8db80e7e9226f92336bb2897dcfa,OHM,9,FRAX,18,201.925764824,1879.0188373462313,1879.0188373462313,2022-12-06 11:20:59,2023-01-30
0x35cfcefa869403427571d05a0118fa48df5916090c53ed83f845b1ac22bddc63-0,1670301191,30,0x5769071665eb8db80e7e9226f92336bb2897dcfa,OHM,9,FRAX,18,188.936836106,1769.4766315747381,1769.4766315747381,2022-12-06 04:33:11,2023-01-30
0x55786a3303f33c607129b8003c43f2b3a5af70641725afe993fc642ec045277a-0,1670297519,46,0x5769071665eb8db80e7e9226f92336bb2897dcfa,OHM,9,FRAX,18,71.97458528,676.9733356684679,676.9733356684679,2022-12-06 03:31:59,2023-01-30
0x9c3c63e4f09e1404ee228a7875d31deb68ab206d1283f19ac056abda0829eeca-0,1670245835,84,0x5769071665eb8db80e7e9226f92336bb2897dcfa,OHM,9,FRAX,18,883.811847468,8043.1111366383575,8043.1111366383575,2022-12-05 13:10:35,2023-01-30
0x49f3113d94fc7aef2726b60242425e47086bdcf008a3e4eadc4b4051613e4efd-0,1670199755,30,0x5769071665eb8db80e7e9226f92336bb2897dcfa,OHM,9,FRAX,18,305.915171309,2796.2373037054895,2796.2373037054895,2022-12-05 00:22:35,2023-01-28
0x60adc291f7fa3b8c2fff5de5479679b3e0be3ba900fe3f3102d89fdc86d7af2b-0,1670195519,70,0x5769071665eb8db80e7e9226f92336bb2897dcfa,OHM,9,FRAX,18,200.214561535,1844.850699685662,1844.850699685662,2022-12-04 23:11:59,2023-01-27
0x119c79aea84c8f40aa2e99754649bffa93b7c7f784996028cc721fd031f700a6-0,1670106359,22,0x5769071665eb8db80e7e9226f92336bb2897dcfa,OHM,9,FRAX,18,186.889718314,1683.1770308500732,1683.1770308500732,2022-12-03 22:25:59,2023-01-25
0xf9cd9557d827607cf0a6c5a0ca513c5f48faaf9091bfb917c744424cb56f37f0-0,1670101607,50,0x5769071665eb8db80e7e9226f92336bb2897dcfa,OHM,9,FRAX,18,119.961012209,1085.4404472366082,1085.4404472366082,2022-12-03 21:06:47,2023-01-24
0x7326309134de35c9fa026d9064b601eae467f1f7e0d19543f7237b0925365b1d-0,1670089967,34,0x5769071665eb8db80e7e9226f92336bb2897dcfa,OHM,9,FRAX,18,208.441837467,1895.4938782017155,1895.4938782017155,2022-12-03 17:52:47,2023-01-24
0xb77ae2291cb0db098694e025b044ba7d68e92be36fe35f77534106e20423f956-0,1670065367,168,0x5769071665eb8db80e7e9226f92336bb2897dcfa,OHM,9,FRAX,18,199.236969034,1810.9370699163655,1810.9370699163655,2022-12-03 11:02:47,2023-01-24
0xff4b1834b39efa01cbeff3d90a7519da5210817f7e7e5a78247e45d1f3ca8a6a-0,1670054579,15,0x5769071665eb8db80e7e9226f92336bb2897dcfa,OHM,9,FRAX,18,169.944565177,1553.4082825285534,1553.4082825285534,2022-12-03 08:02:59,2023-01-24
0x7c44a5ce86370ad8931766a2f1fd4fd00895f3fb52d4cc1653341aad55b7558b-0,1670028971,65,0x5769071665eb8db80e7e9226f92336bb2897dcfa,OHM,9,FRAX,18,110.039542638,1006.7683200653603,1006.7683200653603,2022-12-03 00:56:11,2023-01-23
0x42a4643a6ff8416394948bd07fb904c6276018d6e1bbd51fd656a98458b47b67-0,1670025683,38,0x5769071665eb8db80e7e9226f92336bb2897dcfa,OHM,9,FRAX,18,246.139237343,2264.3286578402153,2264.3286578402153,2022-12-03 00:01:23,2023-01-23
0xd99ce1d9eafde929c2c259fd35e1b28deec1fb8e6419be4aab4d0e2293ae9b33-0,1670016395,13,0x5769071665eb8db80e7e9226f92336bb2897dcfa,OHM,9,FRAX,18,667.714831829,6070.6553340008195,6070.6553340008195,2022-12-02 21:26:35,2023-01-23
0xc1eb946bbf4f9004894dd24c4046ad0e21aeae58fe7c060c2ed2b94c0a153462-0,1670011211,367,0x5769071665eb8db80e7e9226f92336bb2897dcfa,OHM,9,FRAX,18,140.037181157,1256.5218032205016,1256.5218032205016,2022-12-02 20:00:11,2023-01-22
0x0ab2b3d0b181b7577a4cfd05bffca52df7a22703ec5acc168965f001f36fbc25-0,1670010695,13,0x5769071665eb8db80e7e9226f92336bb2897dcfa,OHM,9,FRAX,18,514.633009672,4663.329474448861,4663.329474448861,2022-12-02 19:51:35,2023-01-22
0x3447601db76a232779b5f8c28e018c819caa2b9852156fc9359623d5c705a482-0,1670010491,34,0x5769071665eb8db80e7e9226f92336bb2897dcfa,OHM,9,FRAX,18,455.220827843,4116.744051620526,4116.744051620526,2022-12-02 19:48:11,2023-01-21
0x5a2ec71f648343228f346c859da600bf75ea7825a8430a0f9d7d536b3ff62928-0,1670010143,60,0x5769071665eb8db80e7e9226f92336bb2897dcfa,OHM,9,FRAX,18,80.206374826,719.1112522672104,719.1112522672104,2022-12-02 19:42:23,2023-01-21
0x6184f560f9570e9112fa6959d7cffddda9ab7da8abad323f5bad5ce3d26e427d-0,1670009399,20,0x5769071665eb8db80e7e9226f92336bb2897dcfa,OHM,9,FRAX,18,1087.549107765,9927.224039495844,9927.224039495844,2022-12-02 19:29:59,2023-01-21
0x6c80e34d9c4ff33197ef500fb72bb34f898911621b5c275b03196502f3036015-0,1670009063,38,0x5769071665eb8db80e7e9226f92336bb2897dcfa,OHM,9,FRAX,18,440.888806132,3983.7108251973004,3983.7108251973004,2022-12-02 19:24:23,2023-01-21
0x0e7c56cd9b6a7641beebcc4f59cdfceb20a3fed0bc872def4044f4008ae3557d-0,1670009003,199,0x5769071665eb8db80e7e9226f92336bb2897dcfa,OHM,9,FRAX,18,82.670158745,740.4880895379023,740.4880895379023,2022-12-02 19:23:23,2023-01-21
0x91d406763c0835b771366da34226f674b60ccba88262b24184ba763ff61856e8-0,1670008943,40,0x5769071665eb8db80e7e9226f92336bb2897dcfa,OHM,9,FRAX,18,580.839905409,5254.850024881444,5254.850024881444,2022-12-02 19:22:23,2023-01-21
0x740d2137c101bda7cc7df4f72f395607fb09d6a587e622fe152ef37266c9b525-0,1670001743,164,0x5769071665eb8db80e7e9226f92336bb2897dcfa,OHM,9,FRAX,18,187.630083656,1677.7084105577528,1677.7084105577528,2022-12-02 17:22:23,2023-01-21
0x3d3b93e9672e36fed09220c24347804a559444ff2eafd4b88195918ca9c7899c-0,1669998755,29,0x5769071665eb8db80e7e9226f92336bb2897dcfa,OHM,9,FRAX,18,297.07909584,2630.993827801386,2630.993827801386,2022-12-02 16:32:35,2023-01-21
0x4ebc42231edd1554153bbbf2254d686d2687850add3a3949face3689839850f2-0,1669997783,61,0x5769071665eb8db80e7e9226f92336bb2897dcfa,OHM,9,FRAX,18,179.327801128,1599.5945508201667,1599.5945508201667,2022-12-02 16:16:23,2023-01-21
0xc529167d76d3be1b5445f4c4c86048dfa686bdb6afcf5e91325f5742ae707e6c-0,1669997099,33,0x5769071665eb8db80e7e9226f92336bb2897dcfa,OHM,9,FRAX,18,396.957789847,3571.8898025507206,3571.8898025507206,2022-12-02 16:04:59,2023-01-21
0x789882fb21c9ea894e90f0d8b73b58f44425ae11b12762bfb679bd7ef062f334-0,1669988015,162,0x5769071665eb8db80e7e9226f92336bb2897dcfa,OHM,9,FRAX,18,261.208319367,2290.991267348382,2290.991267348382,2022-12-02 13:33:35,2023-01-20
0xc7b349dcf82cfecb66908d190322da98dae3f4c5034448c062277e19a3939e8e-0,1669967891,88,0x5769071665eb8db80e7e9226f92336bb2897dcfa,OHM,9,FRAX,18,187.015395943,1651.1699393831962,1651.1699393831962,2022-12-02 07:58:11,2023-01-20
0xa55c777d30281a5159846d08ca9809df83c8721a3ef12739d34251d7eccca607-0,1669924523,32,0x5769071665eb8db80e7e9226f92336bb2897dcfa,OHM,9,FRAX,18,66.936477385,568.6115791314782,568.6115791314782,2022-12-01 19:55:23,2023-01-17
0x590b8a20c8a5b4a14837e3f9ce82febd8480b69d16b4fb929354370a02a4e649-0,1669919567,45,0x5769071665eb8db80e7e9226f92336bb2897dcfa,OHM,9,FRAX,18,100.012070755,843.7985766512479,843.7985766512479,2022-12-01 18:32:47,2023-01-17
0x421221ef68ae2e55c8bcbb1529095ca22110e3ac5fd4700dbfd54e4bef93ab98-0,1669902395,116,0x5769071665eb8db80e7e9226f92336bb2897dcfa,OHM,9,FRAX,18,382.773112964,3252.142178290661,3252.142178290661,2022-12-01 13:46:35,2023-01-17
0xa12dc1f05f562132aa2c21d6b45f3f07515101d1bc1e3dc003de1eb20f345bae-0,1669872767,58,0x5769071665eb8db80e7e9226f92336bb2897dcfa,OHM,9,FRAX,18,324.099396155,2766.4757683838975,2766.4757683838975,2022-12-01 05:32:47,2023-01-16
0x2af40d195236b32a902dcecf076d5b7e3801c21cff2a4e11cf0845ef461dac3f-0,1669831823,46,0x5769071665eb8db80e7e9226f92336bb2897dcfa,OHM,9,FRAX,18,143.11213471,1214.6260353154075,1214.6260353154075,2022-11-30 18:10:23,2023-01-16
0xbccf61904f0e16bcf0ad24162de2b4c93effb2399868ecfda0d1edd6d62b6a5e-0,1669672667,64,0x5769071665eb8db80e7e9226f92336bb2897dcfa,OHM,9,FRAX,18,254.181155601,2037.4206043077938,2037.4206043077938,2022-11-28 21:57:47,2023-01-14
0x70b0acdbf8cec35e6d9d611b62d2f00109fce400c3f5827363722f9b5034892b-0,1669672127,7,0x5769071665eb8db80e7e9226f92336bb2897dcfa,OHM,9,FRAX,18,204.117073272,1646.8005279524896,1646.8005279524896,2022-11-28 21:48:47,2023-01-14
0x39c30ee2bf8bdcd48c5693a5a954937d2d7945b9f8a12ad7a241c0c78fb56ef9-0,1669615691,42,0x5769071665eb8db80e7e9226f92336bb2897dcfa,OHM,9,FRAX,18,127.360621679,1025.4704863329343,1025.4704863329343,2022-11-28 06:08:11,2023-01-14
0x379816d6bd5e790f9f40a9b6bee057fc76fc94948a761d1ee691d22a4798cb3f-0,1669600259,42,0x5769071665eb8db80e7e9226f92336bb2897dcfa,OHM,9,FRAX,18,315.196512852,2502.2449465484638,2502.2449465484638,2022-11-28 01:50:59,2023-01-13
0xd87891997957f523cba8ee8ef6e5bb9dd446fc413b9dc15120cf3edc7caf614d-0,1669595975,16,0x5769071665eb8db80e7e9226f92336bb2897dcfa,OHM,9,FRAX,18,394.342541538,3121.8448409754374,3121.8448409754374,2022-11-28 00:39:35,2023-01-13
0x002385a9809831b848d65ac9cd2674ab0b3eda2e34fce1ff530b490b49d40319-0,1669595927,36,0x5769071665eb8db80e7e9226f92336bb2897dcfa,OHM,9,FRAX,18,258.36827672,2064.31273414997,2064.31273414997,2022-11-28 00:38:47,2023-01-13
0x61f282f417550f2846efc884ff7741d604eef431342095a1ddebc0fc48e39720-0,1669592075,21,0x5769071665eb8db80e7e9226f92336bb2897dcfa,OHM,9,FRAX,18,288.596819014,2323.78621811772,2323.78621811772,2022-11-27 23:34:35,2023-01-12
0x60c6cdde0c79bf0076814f006c5554146b46e61e5def1fe2e118a103ace7a304-0,1669591391,70,0x5769071665eb8db80e7e9226f92336bb2897dcfa,OHM,9,FRAX,18,221.852915714,1799.5434799999402,1799.5434799999402,2022-11-27 23:23:11,2023-01-12
0x54575029ab9222a0933ffa9b57e70d1d6a3d375c9455f3dd2327a3f08e2a6cab-0,1669503383,37,0x5769071665eb8db80e7e9226f92336bb2897dcfa,OHM,9,FRAX,18,513.831567581,4154.686818782781,4154.686818782781,2022-11-26 22:56:23,2023-01-12
0xbae7124d9071ec14256425e59c7c68a2dfacc953b44fe741bc7bed5c7567ac23-0,1669480547,118,0x5769071665eb8db80e7e9226f92336bb2897dcfa,OHM,9,FRAX,18,562.695764292,4291.79871282071,4291.79871282071,2022-11-26 16:35:47,2023-01-11
0x69870f5c925b45d6df6ebb84b994d7a7bfa7da8c8847539d3fa7a9a9e02d99b6-0,1669480523,133,0x5769071665eb8db80e7e9226f92336bb2897dcfa,OHM,9,FRAX,18,757.249518277,5803.5895742458515,5803.5895742458515,2022-11-26 16:35:23,2023-01-11
0xdeacfe63f57acdb0a2e41c13f51c6892ebe793aed2d207011754b914d4230b05-0,1669480499,115,0x5769071665eb8db80e7e9226f92336bb2897dcfa,OHM,9,FRAX,18,1372.959032721,10838.059946720035,10838.059946720035,2022-11-26 16:34:59,2023-01-11
0xc27882ec6cd8fea39f76ab2093da1f123d873d9fe02d665e045c136b51002f2d-0,1669480499,65,0x5769071665eb8db80e7e9226f92336bb2897dcfa,OHM,9,FRAX,18,1377.766341651,11305.460247276525,11305.460247276525,2022-11-26 16:34:59,2023-01-11
0xbb986c1a2105e143945b512fa0fcd2246e5b87916d4280a29d87c71a13f2fdad-0,1669413287,145,0x5769071665eb8db80e7e9226f92336bb2897dcfa,OHM,9,FRAX,18,123.547891856,1035.6418160860785,1035.6418160860785,2022-11-25 21:54:47,2023-01-11
0x7f41fc7f392284e8c38c927ec8cda483915728adda08956a7832c2c4d2bf7e76-0,1669356419,114,0x5769071665eb8db80e7e9226f92336bb2897dcfa,OHM,9,FRAX,18,126.135268517,1061.126478356436,1061.126478356436,2022-11-25 06:06:59,2023-01-11
0x2f7bc71fcc6e6c4f014fc34a13f112712b4b04b5d8aae0478b09792a1387737b-0,1669346387,21,0x5769071665eb8db80e7e9226f92336bb2897dcfa,OHM,9,FRAX,18,138.016879276,1165.5082211729161,1165.5082211729161,2022-11-25 03:19:47,2023-01-11
0x8b489a9e88ee690b654df5f5b5228d9e6e6f31cc54a368a8b945516cc5263159-0,1669341707,389,0x5769071665eb8db80e7e9226f92336bb2897dcfa,OHM,9,FRAX,18,151.139380638,1281.6655081745987,1281.6655081745987,2022-11-25 02:01:47,2023-01-11
0xd291d88bb8ae5a6fdc84dc82a4ee744c95a1d32dc75ea5dff51826ad0d0d0c13-0,1669246055,42,0x5769071665eb8db80e7e9226f92336bb2897dcfa,OHM,9,FRAX,18,208.960192666,1781.248734393484,1781.248734393484,2022-11-23 23:27:35,2023-01-11
0xb4fa5d3031276202cb29676e733eac378f2c6ddf0ed343d5c30e34b30eb1cae9-0,1669213655,49,0x5769071665eb8db80e7e9226f92336bb2897dcfa,OHM,9,FRAX,18,85.261404169,719.1372841101455,719.1372841101455,2022-11-23 14:27:35,2023-01-11
0x4732cc04610216c455c221d8913cb38d78ca886a28f048553df8efd982d3bec3-0,1669211243,36,0x5769071665eb8db80e7e9226f92336bb2897dcfa,OHM,9,FRAX,18,239.47627726,2027.547559958471,2027.547559958471,2022-11-23 13:47:23,2023-01-11
0x46fd8cb5cd3c5a45378275612465ae32ddc169d82c24440ea9322cb98ddfc2a1-0,1669139267,58,0x5769071665eb8db80e7e9226f92336bb2897dcfa,OHM,9,FRAX,18,258.207053138,2170.800582058189,2170.800582058189,2022-11-22 17:47:47,2023-01-10
0x048774c8490a1e3f2e327ff001de6194237594198184ca73448a64899b9df2f8-0,1669111103,11,0x5769071665eb8db80e7e9226f92336bb2897dcfa,OHM,9,FRAX,18,272.401724066,2204.6461920549286,2204.6461920549286,2022-11-22 09:58:23,2023-01-09
0x0b578a194cb988053b6e7c654684a618af540bbb42528949102ebb92e5ee6725-0,1669098767,96,0x5769071665eb8db80e7e9226f92336bb2897dcfa,OHM,9,FRAX,18,282.284484723,2299.4798423122834,2299.4798423122834,2022-11-22 06:32:47,2023-01-09
0x8b8f300ce8393053b695fa273f279a361cf6c89b35f2dc080649f99c15cbb180-0,1669083227,233,0x5769071665eb8db80e7e9226f92336bb2897dcfa,OHM,9,FRAX,18,268.305189375,2199.5073295266952,2199.5073295266952,2022-11-22 02:13:47,2023-01-09
0xdeffa2b4b71f0da063fcd092552f445bad70d1860dc0e2351df9069a44ee8781-0,1669067303,60,0x5769071665eb8db80e7e9226f92336bb2897dcfa,OHM,9,FRAX,18,370.876357219,3044.397201451844,3044.397201451844,2022-11-21 21:48:23,2023-01-07
0x63d5a4c51e666ebf9b2738f52581c1eadb4a9a05461013474a81b40e1258ddfe-0,1669054115,203,0x5769071665eb8db80e7e9226f92336bb2897dcfa,OHM,9,FRAX,18,367.136522211,2969.829503928755,2969.829503928755,2022-11-21 18:08:35,2023-01-06
0x23018b026790588567fa83998a72354d515c9343d89671e6b6c3cc69ba4adb87-0,1669048187,33,0x5769071665eb8db80e7e9226f92336bb2897dcfa,OHM,9,FRAX,18,355.483988734,2899.587269084788,2899.587269084788,2022-11-21 16:29:47,2023-01-05
0x8fe91df64d1c2293b9cfe67d97ef89ed185cb9cd3a3ceb56a42cfe6a207fbb9b-0,1669046207,32,0x5769071665eb8db80e7e9226f92336bb2897dcfa,OHM,9,FRAX,18,430.136066266,3540.058345752419,3540.058345752419,2022-11-21 15:56:47,2023-01-05
0x0ea4a95b56d025bd11a57bf800e383bf533901784359f4ccf99415bec0d78a47-0,1669041599,58,0x5769071665eb8db80e7e9226f92336bb2897dcfa,OHM,9,FRAX,18,705.219430146,5881.684985273911,5881.684985273911,2022-11-21 14:39:59,2023-01-05
0xc48f4ecba0a7c8493fdafe69095532473887e57bc1feea1906787daf026d632e-0,1669035635,88,0x5769071665eb8db80e7e9226f92336bb2897dcfa,OHM,9,FRAX,18,239.636137487,2020.7272619870648,2020.7272619870648,2022-11-21 13:00:35,2023-01-04
0xac92f7c13719284533c44fdf73191ee22d48c2b08a8793d6c4fba227ef135e30-0,1669020647,48,0x5769071665eb8db80e7e9226f92336bb2897dcfa,OHM,9,FRAX,18,294.13602128,2495.5889243419656,2495.5889243419656,2022-11-21 08:50:47,2023-01-04
0x7180b9ef82fb75343debafc051eb89dbbef87d09ba5e8e0a5f29c8be141aa4cb-0,1668981191,413,0x5769071665eb8db80e7e9226f92336bb2897dcfa,OHM,9,FRAX,18,285.946828346,2433.9915765925048,2433.9915765925048,2022-11-20 21:53:11,2023-01-04
0xf3716cb1753d64403d2f9af0f6aabb00914ba4c98b3adf1e88ec30157500f346-0,1668981107,168,0x5769071665eb8db80e7e9226f92336bb2897dcfa,OHM,9,FRAX,18,123.030158679,1052.285498030531,1052.285498030531,2022-11-20 21:51:47,2023-01-04
0x88e350818b7f6ac89df39f5830f255ee66620fd092a2bfeab7d871b30eb1a2ce-0,1668945455,27,0x5769071665eb8db80e7e9226f92336bb2897dcfa,OHM,9,FRAX,18,470.36352823,4051.385160525973,4051.385160525973,2022-11-20 11:57:35,2023-01-04
0xa29c7d49a2f350f901bb21b5235524972a03825142c58a2843efec90319456ca-0,1668944075,270,0x5769071665eb8db80e7e9226f92336bb2897dcfa,OHM,9,FRAX,18,379.689543826,3303.4919032134308,3303.4919032134308,2022-11-20 11:34:35,2023-01-04
0x68146aa98ba5c29edfdb7e87e44596d2f70d89c017e69188f6c1657af22086f4-0,1668942671,259,0x5769071665eb8db80e7e9226f92336bb2897dcfa,OHM,9,FRAX,18,304.701127055,2672.742163930649,2672.742163930649,2022-11-20 11:11:11,2023-01-03
0xc2ad5b71387215f3013b8429e1ee37ea84b9bd05a0e88dad357b7435d69256e1-0,1668942515,30,0x5769071665eb8db80e7e9226f92336bb2897dcfa,OHM,9,FRAX,18,98.131698549,864.9266164672996,864.9266164672996,2022-11-20 11:08:35,2023-01-03
0x612960fbcb463bbef3758940c6d869c2298e3260789350b742e55f845c9b65d1-0,1668940091,195,0x5769071665eb8db80e7e9226f92336bb2897dcfa,OHM,9,FRAX,18,141.233298386,1248.3961344205838,1248.3961344205838,2022-11-20 10:28:11,2023-01-03
0x588fb8c8ae06cf5ad4b88d41ce3a41dc63cb0fe895941f38ce7b267238c833c4-0,1668938087,232,0x5769071665eb8db80e7e9226f92336bb2897dcfa,OHM,9,FRAX,18,158.998736893,1410.4984657478453,1410.4984657478453,2022-11-20 09:54:47,2023-01-03
0xd8a68c812544be08dc5afbf577d8e11ef8fed793df82de47a6b7deb04cb1683f-0,1668935615,93,0x5769071665eb8db80e7e9226f92336bb2897dcfa,OHM,9,FRAX,18,129.243138075,1150.5081474504743,1150.5081474504743,2022-11-20 09:13:35,2023-01-03
0x308195ad1569a8c7b589b81fbabb1d1f839825901383d1d1b3a7969ec287f4b1-0,1668928343,39,0x5769071665eb8db80e7e9226f92336bb2897dcfa,OHM,9,FRAX,18,39.805490306,355.02893046845116,355.02893046845116,2022-11-20 07:12:23,2023-01-03
0xb7d96fc188742a24e887dfb83bf66f369da1835c4f4c9bc3897cbeb4985c5f87-0,1668872831,23,0x5769071665eb8db80e7e9226f92336bb2897dcfa,OHM,9,FRAX,18,138.275311308,1234.100906662026,1234.100906662026,2022-11-19 15:47:11,2023-01-03
0x2df8d038d301838ae4e1334b379407c07af49d489083e71a86467cdd2e52b713-0,1668868883,113,0x5769071665eb8db80e7e9226f92336bb2897dcfa,OHM,9,FRAX,18,114.37363496,1023.8904342800005,1023.8904342800005,2022-11-19 14:41:23,2023-01-02
0xd44f2b5a8e23692ffcbb1f91ea0abdab8b2e49ff3ab5d274eb909e6ece2f35f8-0,1668835619,245,0x5769071665eb8db80e7e9226f92336bb2897dcfa,OHM,9,FRAX,18,134.376725229,1206.5775580129966,1206.5775580129966,2022-11-19 05:26:59,2023-01-02
0x8201deae6938ceae788355d5e3a8cad53d3e47233f868c69861b8e7d37fc8884-0,1668817883,30,0x5769071665eb8db80e7e9226f92336bb2897dcfa,OHM,9,FRAX,18,161.846287917,1458.4413767191024,1458.4413767191024,2022-11-19 00:31:23,2023-01-02
0xad7271be2706f86231ad2c6cab8911a65f51ff60c05e3916ce585d210d452b2d-0,1668816347,55,0x5769071665eb8db80e7e9226f92336bb2897dcfa,OHM,9,FRAX,18,174.810743172,1581.7026006095919,1581.7026006095919,2022-11-19 00:05:47,2023-01-02
0x298e3ce3542448ea282812840b6980cebc98f9149947a12a7c337314b99cc34b-0,1668722315,34,0x5769071665eb8db80e7e9226f92336bb2897dcfa,OHM,9,FRAX,18,39.280228744,351.16322856718693,351.16322856718693,2022-11-17 21:58:35,2023-01-01
0x5bf961aef4fe8de409a635878cb679fe962664a76ccc736ff8b460e46960fed2-0,1668722027,139,0x5769071665eb8db80e7e9226f92336bb2897dcfa,OHM,9,FRAX,18,90.170996028,807.3838171522619,807.3838171522619,2022-11-17 21:53:47,2023-01-01
0x0042a0c50a68bb41e048c8d60381464ce403e1343b90dc11ab4208095cf519fd-0,1668692999,310,0x5769071665eb8db80e7e9226f92336bb2897dcfa,OHM,9,FRAX,18,243.421735563,2188.481493477492,2188.481493477492,2022-11-17 13:49:59,2023-01-01
0x6e57ec8405b26433f3aa9bde8c42292d56d47291d59de3080ae3907e06fec152-0,1668669239,71,0x5769071665eb8db80e7e9226f92336bb2897dcfa,OHM,9,FRAX,18,345.710212672,3130.629363290789,3130.629363290789,2022-11-17 07:13:59,2023-01-01
0x917b92941eb4e76f6050faa866136276dc81716b660bc4a298d29b8170ca4431-0,1668648683,40,0x5769071665eb8db80e7e9226f92336bb2897dcfa,OHM,9,FRAX,18,266.678138711,2433.129117107042,2433.129117107042,2022-11-17 01:31:23,2023-01-01
0xc95b1c1d5b20608dadf82ec56a5fd07841390273b5753006ea7f9ec4b2eb6be6-0,1668644951,35,0x5769071665eb8db80e7e9226f92336bb2897dcfa,OHM,9,FRAX,18,369.049718609,3393.3694961779292,3393.3694961779292,2022-11-17 00:29:11,2023-01-01
0xcb63f447b6c16300d92a75035106cd9f41559008f6c3a356cf1be1983c944d43-0,1668644543,20,0x5769071665eb8db80e7e9226f92336bb2897dcfa,OHM,9,FRAX,18,185.639844221,1718.4486951715792,1718.4486951715792,2022-11-17 00:22:23,2023-01-01
0xcc3a04e42c77409a820919b662fb2e4acb481fe8d2c7ee63d757bf00a291a1aa-0,1668610607,52,0x5769071665eb8db80e7e9226f92336bb2897dcfa,OHM,9,FRAX,18,149.588861499,1381.2376876357782,1381.2376876357782,2022-11-16 14:56:47,2022-12-31
0xd2c11448a202882169633f71d6b1aba8bda2b655f122d6f1168eda5b44f45fec-0,1668595019,54,0x5769071665eb8db80e7e9226f92336bb2897dcfa,OHM,9,FRAX,18,252.836847437,2346.296325440585,2346.296325440585,2022-11-16 10:36:59,2022-12-31
0x478797debf2f56a7128e95e19493d115d7444ce74125ed4db3b9cea7428122b9-0,1668531059,20,0x5769071665eb8db80e7e9226f92336bb2897dcfa,OHM,9,FRAX,18,339.884708251,3174.8565852522206,3174.8565852522206,2022-11-15 16:50:59,2022-12-31
0xafcbb155a7309b6fa9252228a800d6d33f122b624da6269480663b3e132d1594-0,1668505259,10,0x5769071665eb8db80e7e9226f92336bb2897dcfa,OHM,9,FRAX,18,259.24409172,2436.014543837682,2436.014543837682,2022-11-15 09:40:59,2022-12-31
0x5f912c22465341b2e562434984dfc6e075d0b06c49dcdbe87f8aa7e735f14caf-0,1668499787,42,0x5769071665eb8db80e7e9226f92336bb2897dcfa,OHM,9,FRAX,18,281.993119138,2663.9197601821984,2663.9197601821984,2022-11-15 08:09:47,2022-12-31
0x10f2840f32c556580dba0ccf43c7fd4bc9f282cad0b624f2645b6fc72aef53cc-0,1668456755,46,0x5769071665eb8db80e7e9226f92336bb2897dcfa,OHM,9,FRAX,18,166.612194746,1544.5168300275202,1544.5168300275202,2022-11-14 20:12:35,2022-12-30
0x48d7b58b79575d5031f89b6905effdcbb62bb47b2b4bfaccae8a0b7c45efc6ac-0,1668436031,59,0x5769071665eb8db80e7e9226f92336bb2897dcfa,OHM,9,FRAX,18,350.424268789,3265.1565900368446,3265.1565900368446,2022-11-14 14:27:11,2022-12-29
0xdb154ced7f0e6897cff5420990127cafa521516850503e2fdbe048d3946292d3-0,1668393395,254,0x5769071665eb8db80e7e9226f92336bb2897dcfa,OHM,9,FRAX,18,198.183311473,1785.6828119916695,1785.6828119916695,2022-11-14 02:36:35,2022-12-28
0x834f40fb3af472e62e62e03a2a669dfb25d9c1289ffc95197d18765dbf89ed6c-0,1668391847,330,0x5769071665eb8db80e7e9226f92336bb2897dcfa,OHM,9,FRAX,18,143.567935347,1297.7148357504934,1297.7148357504934,2022-11-14 02:10:47,2022-12-28
0x057ff0849c2cad86ab3bde0a37b7b39b235efe141a9efd040037bbb465aa69d2-0,1668387011,21,0x5769071665eb8db80e7e9226f92336bb2897dcfa,OHM,9,FRAX,18,337.698918206,3066.6565770606167,3066.6565770606167,2022-11-14 00:50:11,2022-12-28
0x5220c485cb65218ecb1e50457392ff864636c13b5ce040f317c6f04e5e1dbb14-0,1668386723,302,0x5769071665eb8db80e7e9226f92336bb2897dcfa,OHM,9,FRAX,18,173.42950756,1582.8890518130645,1582.8890518130645,2022-11-14 00:45:23,2022-12-28
0xeeac1ac9b2bdf793f774ee31023cf7fc1d808bce6437661dd1a49b2b19233c5c-0,1668382403,30,0x5769071665eb8db80e7e9226f92336bb2897dcfa,OHM,9,FRAX,18,338.555232268,3105.368324789526,3105.368324789526,2022-11-13 23:33:23,2022-12-28
0x98e93067f954ef29399598a3bced94e1621af894839657774c2ed02454b2ec8c-0,1668374243,29,0x5769071665eb8db80e7e9226f92336bb2897dcfa,OHM,9,FRAX,18,568.894133005,5192.97951543271,5192.97951543271,2022-11-13 21:17:23,2022-12-27
0x0e54be72bfdd6a4c25961761302aa8b4db56a00b738cb52ff5ab97e3390ac505-0,1668363839,54,0x5769071665eb8db80e7e9226f92336bb2897dcfa,OHM,9,FRAX,18,333.6347055,3072.7830918208674,3072.7830918208674,2022-11-13 18:23:59,2022-12-26
0x7fe1a4aaf8fc6e83d03d3f1ffe20db3febc690036e5066341faeb9ccc8da7ead-0,1668353099,6,0x5769071665eb8db80e7e9226f92336bb2897dcfa,OHM,9,FRAX,18,559.694901503,5199.919766407896,5199.919766407896,2022-11-13 15:24:59,2022-12-26
0xa50ae5cdc455e4e239ee0bbe1ba84b68b0eea023b00e8084cc2be3eb7d505a95-0,1668332363,37,0x5769071665eb8db80e7e9226f92336bb2897dcfa,OHM,9,FRAX,18,548.881855155,5115.245075185223,5115.245075185223,2022-11-13 09:39:23,2022-12-25
0xf6aeedcdacf443332e7ee080792d34240c608134e3974e3c3e71cadcc2075ada-0,1668330407,121,0x5769071665eb8db80e7e9226f92336bb2897dcfa,OHM,9,FRAX,18,366.53523809,3446.666318374888,3446.666318374888,2022-11-13 09:06:47,2022-12-25
0xb9b87411d47bac0933ad5faa027a1888bb9b2f51c33cceb35c65e4e6e899c999-0,1668322943,113,0x5769071665eb8db80e7e9226f92336bb2897dcfa,OHM,9,FRAX,18,487.895738364,4626.13791550007,4626.13791550007,2022-11-13 07:02:23,2022-12-24
0x3a39c65ddf9562504710f90d39042de8de2eab44fa37351bfda801a74f01611f-0,1668229439,158,0x5769071665eb8db80e7e9226f92336bb2897dcfa,OHM,9,FRAX,18,359.120935167,3361.231904754762,3361.231904754762,2022-11-12 05:03:59,2022-12-23
0x663863ede6f26c284ba1b21c7a02f5ed35ae15c9ef69d865b5db38b81d3443e7-0,1668223499,8,0x5769071665eb8db80e7e9226f92336bb2897dcfa,OHM,9,FRAX,18,273.943384984,2580.0972168743156,2580.0972168743156,2022-11-12 03:24:59,2022-12-23
0xcec07871e34eb00585a9a2a607a69e40fdbbff365e488c657e77f3f716624a0a-0,1668216755,42,0x5769071665eb8db80e7e9226f92336bb2897dcfa,OHM,9,FRAX,18,216.749059526,2051.496768147579,2051.496768147579,2022-11-12 01:32:35,2022-12-23
0x3cf354d5850a621b0a010290e9e4549edc5ba81d090ffa0da7ae566fae3783ae-0,1668199427,76,0x5769071665eb8db80e7e9226f92336bb2897dcfa,OHM,9,FRAX,18,508.504609716,4818.951560706016,4818.951560706016,2022-11-11 20:43:47,2022-12-23
0x29f6d483e6585da0f7e4c7cb9e5d5620669047d3c75af717186dde9ef2c95975-0,1668182579,28,0x5769071665eb8db80e7e9226f92336bb2897dcfa,OHM,9,FRAX,18,429.452562628,4104.299594765543,4104.299594765543,2022-11-11 16:02:59,2022-12-23
0x4048d729c650dbcee93e1afe5f70bd5d4d60781f159a8aa0db9779b41d75d15f-0,1668176159,30,0x5769071665eb8db80e7e9226f92336bb2897dcfa,OHM,9,FRAX,18,722.183753392,6825.547884870952,6825.547884870952,2022-11-11 14:15:59,2022-12-23
0xcb26f38a702516f4eb2d14f8d8bcd5c2d00d50ed7191e6a371e415bb655e2855-0,1668136919,473,0x5769071665eb8db80e7e9226f92336bb2897dcfa,OHM,9,FRAX,18,280.442400866,2601.395611427523,2601.395611427523,2022-11-11 03:21:59,2022-12-23
0xf67333d80496d8f451f6891d229accba03aa2cc34c1dc09884d1ab83c81ddce3-0,1668136103,379,0x5769071665eb8db80e7e9226f92336bb2897dcfa,OHM,9,FRAX,18,321.904898371,3001.728993761191,3001.728993761191,2022-11-11 03:08:23,2022-12-23
0xc777edefd14567472c9cf25ff816d39291913346b20ac236f053e1bba79461a0-0,1668132035,75,0x5769071665eb8db80e7e9226f92336bb2897dcfa,OHM,9,FRAX,18,185.168608535,1734.3377433979726,1734.3377433979726,2022-11-11 02:00:35,2022-12-22
0x5202cb91890a6e6f94c141ee0b5cae712eb1a205045e1efea0bf699a29d34537-0,1668122531,17,0x5769071665eb8db80e7e9226f92336bb2897dcfa,OHM,9,FRAX,18,329.981684714,3104.6892973651784,3104.6892973651784,2022-11-10 23:22:11,2022-12-22
0x34f288698d63770ed6ebbe13c746afc57cd10e6377435b6014ff0f9c243bb11e-0,1668102143,103,0x5769071665eb8db80e7e9226f92336bb2897dcfa,OHM,9,FRAX,18,831.763846787,7607.236202073999,7607.236202073999,2022-11-10 17:42:23,2022-12-22
0x939639d5dd8aa0b8390735d466a10b1113239faeb2e30831fc36d5da5d939ec7-0,1668101891,68,0x5769071665eb8db80e7e9226f92336bb2897dcfa,OHM,9,FRAX,18,838.584100142,7781.598050231227,7781.598050231227,2022-11-10 17:38:11,2022-12-22
0x980c69eae9d7e766543faee3a71cf331913a1aa9e0916a193aa340e543055617-0,1668099587,70,0x5769071665eb8db80e7e9226f92336bb2897dcfa,OHM,9,FRAX,18,457.513266963,4293.733554135729,4293.733554135729,2022-11-10 16:59:47,2022-12-22
0x1d74d38df744ed6c086d499c0510eefc461c022149699c7c4e4859a439ca18c0-0,1668077387,74,0x5769071665eb8db80e7e9226f92336bb2897dcfa,OHM,9,FRAX,18,364.235526112,3305.9413212181453,3305.9413212181453,2022-11-10 10:49:47,2022-12-22
0x525dac423fe304e8b77695d4b0821fbab7feed87f5fbe354c4c710bdfc68a769-0,1668075755,97,0x5769071665eb8db80e7e9226f92336bb2897dcfa,OHM,9,FRAX,18,500.91807259,4580.111144072654,4580.111144072654,2022-11-10 10:22:35,2022-12-22
0x40fa1c3c784b5ab7644ed0bf915c5e65583e7a9470fc601ad10979c9b6d862bc-0,1668065279,65,0x5769071665eb8db80e7e9226f92336bb2897dcfa,OHM,9,FRAX,18,111.129451826,994.6118772695538,994.6118772695538,2022-11-10 07:27:59,2022-12-22
0xf6b69ee5ae0ea3cbbb3c44748c74a02576a2a3dcb0b915c3d5ac042d51345692-0,1668064775,64,0x5769071665eb8db80e7e9226f92336bb2897dcfa,OHM,9,FRAX,18,63.352162121,567.7935756763043,567.7935756763043,2022-11-10 07:19:35,2022-12-22
0x47d45007142a485ef3c58cfe57d37ac6b287160d1508235fa975c769b3219a93-0,1668064691,45,0x5769071665eb8db80e7e9226f92336bb2897dcfa,OHM,9,FRAX,18,136.142582045,1222.3880401507656,1222.3880401507656,2022-11-10 07:18:11,2022-12-22
0x41d5c69c0b8f9cff448d1a0c7ccdf8641d67b92795e4a5e8b8313a5da68cc058-0,1668054635,33,0x5769071665eb8db80e7e9226f92336bb2897dcfa,OHM,9,FRAX,18,543.377698026,4906.882711926228,4906.882711926228,2022-11-10 04:30:35,2022-12-22
0x1ab7f58535c55e32e4b583611e0332ccbaf9c70134c0fe964bc826ad8e1003a8-0,1668046067,76,0x5769071665eb8db80e7e9226f92336bb2897dcfa,OHM,9,FRAX,18,296.938723992,2678.2818462487203,2678.2818462487203,2022-11-10 02:07:47,2022-12-22
0x6afce9433fe297c9207757869e7769c3d1ba2673e8f2d69f363e6b81d2b5b06e-0,1668036287,203,0x5769071665eb8db80e7e9226f92336bb2897dcfa,OHM,9,FRAX,18,868.137782557,7672.871777462093,7672.871777462093,2022-11-09 23:24:47,2022-12-21
0xf9afad770ad7fe4d373791cdbcd20eecab23de73007133e448e39b30d01cdb07-0,1668031691,58,0x5769071665eb8db80e7e9226f92336bb2897dcfa,OHM,9,FRAX,18,788.511560423,7067.504858209819,7067.504858209819,2022-11-09 22:08:11,2022-12-21
0x5932ac02faf58a013725e711c6becbd53c4d50ed0e369f254fefd53697978629-0,1668026543,97,0x5769071665eb8db80e7e9226f92336bb2897dcfa,OHM,9,FRAX,18,631.978888897,5733.974872454101,5733.974872454101,2022-11-09 20:42:23,2022-12-21
0xe0bc59822657aaba4445634f31f0bcc0be511f3d93828bf41d84b8b767aa7bca-0,1668019643,132,0x5769071665eb8db80e7e9226f92336bb2897dcfa,OHM,9,FRAX,18,399.718120259,3659.7157786628686,3659.7157786628686,2022-11-09 18:47:23,2022-12-21
0x7ceeb4f6e9d26ada6d85fd2c4f03e8b6937d33bd58887ddfadded8b798386164-0,1668004451,56,0x5769071665eb8db80e7e9226f92336bb2897dcfa,OHM,9,FRAX,18,261.501415507,2407.9940004843565,2407.9940004843565,2022-11-09 14:34:11,2022-12-21
0x736228a2b3195d600e2e946e6599f52a249fde95d167cdae622709e9d3713ba1-0,1668003851,5,0x5769071665eb8db80e7e9226f92336bb2897dcfa,OHM,9,FRAX,18,291.955840378,2701.389861511697,2701.389861511697,2022-11-09 14:24:11,2022-12-21
0x6b77ff2b1a252a2aa6da83f146a80098b459af925b6d1ba027da38b24693b0c0-0,1667999387,212,0x5769071665eb8db80e7e9226f92336bb2897dcfa,OHM,9,FRAX,18,363.994456289,3386.877332078297,3386.877332078297,2022-11-09 13:09:47,2022-12-21
0x1a1d0bdfd31a9cf082342d1728fcdaa385ec754a35c57adbd80b3477ebd860e2-0,1667996939,65,0x5769071665eb8db80e7e9226f92336bb2897dcfa,OHM,9,FRAX,18,229.651210615,2148.1839461913955,2148.1839461913955,2022-11-09 12:28:59,2022-12-21
0xbcafabf689818fd40ac5376d4f6ad7086a6cd36cd342f583778f8440a574f32b-0,1667988995,137,0x5769071665eb8db80e7e9226f92336bb2897dcfa,OHM,9,FRAX,18,829.556588722,7641.555530737443,7641.555530737443,2022-11-09 10:16:35,2022-12-20
0xa23b708d0fbbdaffbe2d1c55dcb7d5733323fe7d7a4eed17a652fabf88326503-0,1667988683,109,0x5769071665eb8db80e7e9226f92336bb2897dcfa,OHM,9,FRAX,18,489.011410829,4556.529719723794,4556.529719723794,2022-11-09 10:11:23,2022-12-20
0x02b02ab7d79bbf49169a83879aa398eaa48dc27a18fa9f0cbe7dfb6c2295ef1c-0,1667985335,98,0x5769071665eb8db80e7e9226f92336bb2897dcfa,OHM,9,FRAX,18,407.490237598,3826.812156019598,3826.812156019598,2022-11-09 09:15:35,2022-12-20
0x8eb2072ea8fcad59e8f6dd9469631b7801bd58fa41756a6528d3e769821bdbd1-0,1667980259,22,0x5769071665eb8db80e7e9226f92336bb2897dcfa,OHM,9,FRAX,18,190.571851424,1799.1040425523267,1799.1040425523267,2022-11-09 07:50:59,2022-12-20
0x61b7e05a344cf3f08b1d02c529a8399a76c3df959ddcf0f21e6ab0e671d564bf-0,1667963687,91,0x5769071665eb8db80e7e9226f92336bb2897dcfa,OHM,9,FRAX,18,382.178700118,3626.4607957247545,3626.4607957247545,2022-11-09 03:14:47,2022-12-20
0xd672c6dd4b61e0fb2d995f901740108666131f5bdbcce15d73c5a9678d684f2f-0,1667963591,47,0x5769071665eb8db80e7e9226f92336bb2897dcfa,OHM,9,FRAX,18,165.605457001,1578.861224974327,1578.861224974327,2022-11-09 03:13:11,2022-12-20
0x22909cf4c1693501d036f5b0e5993d184b5dc7c66384734575ccc6e47cce901f-0,1667961719,64,0x5769071665eb8db80e7e9226f92336bb2897dcfa,OHM,9,FRAX,18,330.669347183,3166.7511928624062,3166.7511928624062,2022-11-09 02:41:59,2022-12-20
0x4983861bfc40a5be1f2e5f01c901584dd774b8d579a265bb226c5667ce39b90c-0,1667934803,146,0x5769071665eb8db80e7e9226f92336bb2897dcfa,OHM,9,FRAX,18,847.136486494,8123.002861741255,8123.002861741255,2022-11-08 19:13:23,2022-12-20
0xd27fa01d421a81f13ddf95089394737c30fafd3f8e4508c1d3420397a3570281-0,1667933207,66,0x5769071665eb8db80e7e9226f92336bb2897dcfa,OHM,9,FRAX,18,464.56221021,4504.280687200689,4504.280687200689,2022-11-08 18:46:47,2022-12-20
0x75598f00fdb1b123681d5d47fb34a00f492634979b3010f4db898d67117656f4-0,1667930051,137,0x5769071665eb8db80e7e9226f92336bb2897dcfa,OHM,9,FRAX,18,942.824930578,9240.963402359237,9240.963402359237,2022-11-08 17:54:11,2022-12-19
0x977a650aa0fb58a95a103b148980db3f1dfdb6b0632dd673d83f378fba9b2c8c-0,1667929079,15,0x5769071665eb8db80e7e9226f92336bb2897dcfa,OHM,9,FRAX,18,789.023788402,7839.655325875487,7839.655325875487,2022-11-08 17:37:59,2022-12-19
0xa562361e63960f1fc8e8993d01dad0b3af7767495803b17c9619208481218a3d-0,1667918483,101,0x5769071665eb8db80e7e9226f92336bb2897dcfa,OHM,9,FRAX,18,489.523273548,4792.256241810558,4792.256241810558,2022-11-08 14:41:23,2022-12-19
0xf84d8f19af96dc0d1051ed97a57f4f9f54a4551606226f9c120c56d5718bf73e-0,1667885087,44,0x5769071665eb8db80e7e9226f92336bb2897dcfa,OHM,9,FRAX,18,189.627638742,1823.6356374295246,1823.6356374295246,2022-11-08 05:24:47,2022-12-19
0x6098f567ad0f5f364710027a3c20cd7696bac233063895607dd56276cc019e71-0,1667880767,500,0x5769071665eb8db80e7e9226f92336bb2897dcfa,OHM,9,FRAX,18,1342.263800433,13093.786761145995,13093.786761145995,2022-11-08 04:12:47,2022-12-19
0xb225cfa7c49125cb502892b4d1613021438048cf90aba69449c7db33fa33c6ef-0,1667880647,206,0x5769071665eb8db80e7e9226f92336bb2897dcfa,OHM,9,FRAX,18,424.474404259,4208.968004769693,4208.968004769693,2022-11-08 04:10:47,2022-12-19
0xd18485a066a056911f992db6bb10386e8a45dd241d09498f60c1ca7d4d6925aa-0,1667880095,352,0x5769071665eb8db80e7e9226f92336bb2897dcfa,OHM,9,FRAX,18,137.747556776,1373.0360573799067,1373.0360573799067,2022-11-08 04:01:35,2022-12-19
0x51439690a249a712a1666301632caa4bdaf954fc0b85d0e7971d6d2adc471d4b-0,1667879111,237,0x5769071665eb8db80e7e9226f92336bb2897dcfa,OHM,9,FRAX,18,367.460739449,3680.367452120134,3680.367452120134,2022-11-08 03:45:11,2022-12-19
0x3e745a6fc8446f2eef3d383d16683998adbf94df3cc56e7ec9a349614f0bc403-0,1667859923,75,0x5769071665eb8db80e7e9226f92336bb2897dcfa,OHM,9,FRAX,18,406.093696459,4077.4075258884673,4077.4075258884673,2022-11-07 22:25:23,2022-12-18
0x1e8dc8266206c90f0b1fe574aa60c3def0155e07bd0d5e25d48b80e91997ae06-0,1667807591,72,0x5769071665eb8db80e7e9226f92336bb2897dcfa,OHM,9,FRAX,18,204.798476316,2068.33588452418,2068.33588452418,2022-11-07 07:53:11,2022-12-18
0x785024287ba7fd530e514e117bdf685ee6918f3ba1af5827fa412e7651d430ad-0,1667776463,209,0x5769071665eb8db80e7e9226f92336bb2897dcfa,OHM,9,FRAX,18,458.850759236,4617.438564845818,4617.438564845818,2022-11-06 23:14:23,2022-12-18
0x705c94c4a30b067de5a338ea7ad4b489bf7f422d988265528de8bfb688a88213-0,1667642843,105,0x5769071665eb8db80e7e9226f92336bb2897dcfa,OHM,9,FRAX,18,501.4193,5097.400697188252,5097.400697188252,2022-11-05 10:07:23,2022-12-18
0x4ad246ae6e8acdec1b974c352d02bf98ceb75ee1b19cad6a5eddfc3885dbe470-0,1667434691,274,0x5769071665eb8db80e7e9226f92336bb2897dcfa,OHM,9,FRAX,18,141.195932417,1373.9780544404296,1373.9780544404296,2022-11-03 00:18:11,2022-12-17
0xe5b36efe4b173f462aae2ea852589f66b96f4007f0448d629fe6faece6f87edd-0,1667420855,189,0x5769071665eb8db80e7e9226f92336bb2897dcfa,OHM,9,FRAX,18,321.218748913,3141.2580050186166,3141.2580050186166,2022-11-02 20:27:35,2022-12-17
0x1946c240686efe8b730f6433736fa0d5084bf7d35d071afb65953c59c49f1726-0,1667417255,29,0x5769071665eb8db80e7e9226f92336bb2897dcfa,OHM,9,FRAX,18,581.313792831,5741.806834318749,5741.806834318749,2022-11-02 19:27:35,2022-12-16
0xffeaa91492122e2930bba27dba75d31266a0c46283dbb897e152d15070508297-0,1667415143,63,0x5769071665eb8db80e7e9226f92336bb2897dcfa,OHM,9,FRAX,18,603.943220542,6043.881335927658,6043.881335927658,2022-11-02 18:52:23,2022-12-16
0x1c7512ff03828a79fba907c08579ec8dac13e169eb834de8121c3c1632ca669f-0,1667373767,35,0x5769071665eb8db80e7e9226f92336bb2897dcfa,OHM,9,FRAX,18,279.622742937,2795.996129281151,2795.996129281151,2022-11-02 07:22:47,2022-12-16
0x7efdc23a5b8b565912a88e1cd279624541bb64117b03f3b75455b89715349e28-0,1667318051,9,0x5769071665eb8db80e7e9226f92336bb2897dcfa,OHM,9,FRAX,18,282.423196838,2842.020872223763,2842.020872223763,2022-11-01 15:54:11,2022-12-16
0xb5464cd99fff87f9e7b21f9257c6ef2356b1a883d8609e3bdfbcda84e1e9976a-0,1667252243,37,0x5769071665eb8db80e7e9226f92336bb2897dcfa,OHM,9,FRAX,18,224.299234663,2270.476745134932,2270.476745134932,2022-10-31 21:37:23,2022-12-16
0x010fba8890229bed468a3d55a03bee2b0a71a6c4bd45f974e3539e8dcc4ede73-0,1667224835,53,0x5769071665eb8db80e7e9226f92336bb2897dcfa,OHM,9,FRAX,18,441.722754609,4505.39246743492,4505.39246743492,2022-10-31 14:00:35,2022-12-16
0x493b523bc15ab6ea4c3caab92fb4a6ea4ebd7628c2ffbeb391562c28acbf20b3-0,1667180735,330,0x5769071665eb8db80e7e9226f92336bb2897dcfa,OHM,9,FRAX,18,263.288129404,2688.9440432891297,2688.9440432891297,2022-10-31 01:45:35,2022-12-16
0x166995b78cd4be50954c27a0e4b334df91024582ac5c5360f52f9a5c0972f34c-0,1667123615,184,0x5769071665eb8db80e7e9226f92336bb2897dcfa,OHM,9,FRAX,18,249.626693544,2564.6030554541026,2564.6030554541026,2022-10-30 09:53:35,2022-12-16
0xe04c70695f562e60282861872f6bced178cd5be681fb716350be3a5f9938f759-0,1667109347,204,0x5769071665eb8db80e7e9226f92336bb2897dcfa,OHM,9,FRAX,18,6.8594,70.67678176456474,70.67678176456474,2022-10-30 05:55:47,2022-12-16
0xba471fd38d7b582396ce2aa9184dc189fd1ec9f4df3b44d2592c2d2590541e5e-0,1667074403,529,0x5769071665eb8db80e7e9226f92336bb2897dcfa,OHM,9,FRAX,18,132.396331769,1366.4167346054085,1366.4167346054085,2022-10-29 20:13:23,2022-12-16
0x55c55edf2f082c6eca8233f476639bbfb98485ef2f983e61048a602790017498-0,1667002847,31,0x5769071665eb8db80e7e9226f92336bb2897dcfa,OHM,9,FRAX,18,476.645288372,4854.784146497498,4854.784146497498,2022-10-29 00:20:47,2022-12-16
0xac833b84db4c1cea9fc2dbfd09adfdc34238695208c85e5e7f2a6397d2be2b75-0,1666901963,169,0x5769071665eb8db80e7e9226f92336bb2897dcfa,OHM,9,FRAX,18,560.797781037,5688.1315545430925,5688.1315545430925,2022-10-27 20:19:23,2022-12-16
0x607c3f3abd8ae40b400e01d93b79b213c0a3663fcb0b5202a554290ed1e0cf71-0,1666900523,8,0x5769071665eb8db80e7e9226f92336bb2897dcfa,OHM,9,FRAX,18,542.210867018,5568.976296796554,5568.976296796554,2022-10-27 19:55:23,2022-12-16
0x4855c087c2592f61662292a1d873b788cc42fc548b6197d8d6e1f61bf59ffbab-0,1666822679,63,0x5769071665eb8db80e7e9226f92336bb2897dcfa,OHM,9,FRAX,18,457.633046712,4757.451783771467,4757.451783771467,2022-10-26 22:17:59,2022-12-16
0x7443fec3ac1cd0b3d8fb3a26a5285083effb0b689a11957c85a652901bbebe0d-0,1666815755,20,0x5769071665eb8db80e7e9226f92336bb2897dcfa,OHM,9,FRAX,18,282.877489635,2968.5382097674546,2968.5382097674546,2022-10-26 20:22:35,2022-12-16
0xe8c99eefa48c134bc0c6dcac76decf32a069d744039ea62880bd349de872ac1a-0,1666802915,14,0x5769071665eb8db80e7e9226f92336bb2897dcfa,OHM,9,FRAX,18,441.792582741,4679.68522472384,4679.68522472384,2022-10-26 16:48:35,2022-12-16
0x877931166112d035379c1e6f06c2fa5227c0e6516cebbb81a1f906cbf35d652d-0,1666786547,5,0x5769071665eb8db80e7e9226f92336bb2897dcfa,OHM,9,FRAX,18,770.0,8043.325863296584,8043.325863296584,2022-10-26 12:15:47,2022-12-16
0xaa9c77bc78db506e6678551d3b16e7ef11b8af5936a2e47f17cced5aae25f4cc-0,1666785251,369,0x5769071665eb8db80e7e9226f92336bb2897dcfa,OHM,9,FRAX,18,115.709817074,1222.601709146627,1222.601709146627,2022-10-26 11:54:11,2022-12-16
0xb29c893040a4371d7d8469d6d9e97cb72e105634b05af976ec89c43ad0158bd4-0,1666780775,725,0x5769071665eb8db80e7e9226f92336bb2897dcfa,OHM,9,FRAX,18,69.766991333,738.9346701388458,738.9346701388458,2022-10-26 10:39:35,2022-12-16
0x76dd3c0e806ad98fadcae04d9064c331a58362cbbc7e931a4e8e37ce25c095ca-0,1666736207,79,0x5769071665eb8db80e7e9226f92336bb2897dcfa,OHM,9,FRAX,18,339.652915541,3527.9636136786717,3527.9636136786717,2022-10-25 22:16:47,2022-12-16
0xe58fb4f69b4dc7b8832624a722cf841a425cc29e25cc45e3340092634af78b86-0,1666728611,553,0x5769071665eb8db80e7e9226f92336bb2897dcfa,OHM,9,FRAX,18,295.343608577,3092.834368683151,3092.834368683151,2022-10-25 20:10:11,2022-12-16
0x3279ae555a253b29f6b4e2a8f8ba9ac77f1899ca896701e3055d9ff6344aa358-0,1666626227,270,0x5769071665eb8db80e7e9226f92336bb2897dcfa,OHM,9,FRAX,18,185.591274226,1857.00794835957,1857.00794835957,2022-10-24 15:43:47,2022-12-15
0xac6f1868d55454551ad6ccb32e600363807ece2652de46bfcc703418fcdec055-0,1666611575,38,0x5769071665eb8db80e7e9226f92336bb2897dcfa,OHM,9,FRAX,18,161.840458392,1626.5660132528644,1626.5660132528644,2022-10-24 11:39:35,2022-12-15
0xe0361f72562cc1d46ca9aac06b57cc0414d21d385ac2640a3646da8bd95b32fa-0,1666354487,76,0x5769071665eb8db80e7e9226f92336bb2897dcfa,OHM,9,FRAX,18,462.258869097,4571.579864555275,4571.579864555275,2022-10-21 12:14:47,2022-12-15
0x83e1532f59dde92a91df572714f838207ac4d48c2cedf9782cb37be523dc6c2d-0,1666348055,22,0x5769071665eb8db80e7e9226f92336bb2897dcfa,OHM,9,FRAX,18,216.277126978,2157.0596152122557,2157.0596152122557,2022-10-21 10:27:35,2022-12-15
0x5dede1b967c9c3ee3620ae561b989a419a7269ccee737fa052e1caaf30d725f4-0,1666300223,73,0x5769071665eb8db80e7e9226f92336bb2897dcfa,OHM,9,FRAX,18,136.903657761,1371.7378017247484,1371.7378017247484,2022-10-20 21:10:23,2022-12-15
0x6e75edb3b89ec82a17fd9306ef0b48802c1ce46be84347fc919eb49fc3c5c99c-0,1666224155,7,0x5769071665eb8db80e7e9226f92336bb2897dcfa,OHM,9,FRAX,18,262.101176676,2623.4386834621887,2623.4386834621887,2022-10-20 00:02:35,2022-12-15
0x4c4bafeca691aa4bcbd44b278d4fdd2e10f405160e25dbf4800d1bd705f6d5e5-0,1666132319,158,0x5769071665eb8db80e7e9226f92336bb2897dcfa,OHM,9,FRAX,18,739.4241,7390.6891370754365,7390.6891370754365,2022-10-18 22:31:59,2022-12-15
0x3c5b031dc0c7acde15a4a6c95ae47ff7162257547a96f2595147af8b856d034a-0,1666118759,136,0x5769071665eb8db80e7e9226f92336bb2897dcfa,OHM,9,FRAX,18,280.088645453,2835.8156610638894,2835.8156610638894,2022-10-18 18:45:59,2022-12-15
0xe668006490d362fe6371d5fee4e2745194166147db7b758a3d40f3d1ad4b13fc-0,1666111091,41,0x5769071665eb8db80e7e9226f92336bb2897dcfa,OHM,9,FRAX,18,235.417727721,2399.023054431641,2399.023054431641,2022-10-18 16:38:11,2022-12-15
0x1e1461ce746ed4d40dcefd1f2d03171e532985f8f7c9bb97b5f3caa71c735e55-0,1666031147,31,0x5769071665eb8db80e7e9226f92336bb2897dcfa,OHM,9,FRAX,18,213.146844516,2182.147283889835,2182.147283889835,2022-10-17 18:25:47,2022-12-15
0x3a4ffe1d5693cc39e75f75abd192e3363ab7f996a5a469fdbbd86bd7f6f5d8af-0,1666025819,397,0x5769071665eb8db80e7e9226f92336bb2897dcfa,OHM,9,FRAX,18,194.140262156,1998.3283287150819,1998.3283287150819,2022-10-17 16:56:59,2022-12-15
0x0cc54e2de9b9f983507491da589dbad9f443d9329212fc1bb8f88d8e5216dbd8-0,1665874919,49,0x5769071665eb8db80e7e9226f92336bb2897dcfa,OHM,9,FRAX,18,188.251102097,1928.208684430079,1928.208684430079,2022-10-15 23:01:59,2022-12-15
0x39e08f9a64a7ff62096946461bef5f0f29df7519e5593e6f1f275bbcd7d83289-0,1665868967,536,0x5769071665eb8db80e7e9226f92336bb2897dcfa,OHM,9,FRAX,18,173.951753718,1790.3268482372769,1790.3268482372769,2022-10-15 21:22:47,2022-12-15
0x2376904593d00ef1537cc9d38a7160a83b151bbe1d70f108bc78226789730787-0,1665805895,154,0x5769071665eb8db80e7e9226f92336bb2897dcfa,OHM,9,FRAX,18,61.561958829,635.7100585050528,635.7100585050528,2022-10-15 03:51:35,2022-12-14
0x8d704436943e3bbaf71e13bfaa8fa22f5ebe872cf133245d03cde2ccb33c6a20-0,1665771683,21,0x5769071665eb8db80e7e9226f92336bb2897dcfa,OHM,9,FRAX,18,258.664879786,2682.6756755161005,2682.6756755161005,2022-10-14 18:21:23,2022-12-14
0x147ea84ce67bfc21038a14715f86ea4a56124ab43a6e41f388033095ee30b9b6-0,1665664475,73,0x5769071665eb8db80e7e9226f92336bb2897dcfa,OHM,9,FRAX,18,375.83425235,3826.4199613792584,3826.4199613792584,2022-10-13 12:34:35,2022-12-14
0x157550d37fea41b1d0cf0f6a9ac3343ab59f6f8b0df0a7895f40a8b4e7a6cd8c-0,1665659063,438,0x5769071665eb8db80e7e9226f92336bb2897dcfa,OHM,9,FRAX,18,118.400476298,1213.5872596496426,1213.5872596496426,2022-10-13 11:04:23,2022-12-14
0x9ce71c1502b7c2cc3d452f524e24fc5377a5e0e318344c8c10a4589bd54bfe95-0,1665657131,86,0x5769071665eb8db80e7e9226f92336bb2897dcfa,OHM,9,FRAX,18,434.688823981,4487.92378761555,4487.92378761555,2022-10-13 10:32:11,2022-12-14
0x9c40e92c2396bc0127eb9cf06be1e5944511eefea302ed71655b33de2da49e15-0,1665656675,99,0x5769071665eb8db80e7e9226f92336bb2897dcfa,OHM,9,FRAX,18,213.650176383,2225.2013205783096,2225.2013205783096,2022-10-13 10:24:35,2022-12-14
0xf9018548dd005471ced0aa464ec209f37aa279b63eae94929b34140d342aad88-0,1665629147,43,0x5769071665eb8db80e7e9226f92336bb2897dcfa,OHM,9,FRAX,18,202.531753817,2121.1917898078195,2121.1917898078195,2022-10-13 02:45:47,2022-12-14
0x3fdd5908c05ca78edc1c39dfcda0d37c5248dced377d5e3c8e9fb5194433d048-0,1665615491,36,0x5769071665eb8db80e7e9226f92336bb2897dcfa,OHM,9,FRAX,18,299.033385866,3153.0690069278558,3153.0690069278558,2022-10-12 22:58:11,2022-12-14
0x036f011d8559a3460d9809178798a019f2159cce2bc5b151a8471ef566b80cc1-0,1665446675,241,0x5769071665eb8db80e7e9226f92336bb2897dcfa,OHM,9,FRAX,18,345.347251577,3611.73966084511,3611.73966084511,2022-10-11 00:04:35,2022-12-13
0xac9ba0c9f2e7efead1d9f8a3001d78d0d7543ddb38b4fe70a956c950ce66fa2f-0,1665432659,7,0x5769071665eb8db80e7e9226f92336bb2897dcfa,OHM,9,FRAX,18,298.785281936,3151.5910796024273,3151.5910796024273,2022-10-10 20:10:59,2022-12-13
0x4ec2d93106fb9716cab4c3f9abcb8cc6b8a48e1c38d9e2ce94fba2561f2ff706-0,1665093719,32,0x5769071665eb8db80e7e9226f92336bb2897dcfa,OHM,9,FRAX,18,181.493187322,1838.26167363941,1838.26167363941,2022-10-06 22:01:59,2022-12-13
0xaad47b466023150b31ef95ecbfd3edff5939ceca12b0a0011bf439965d58b71a-0,1665060767,225,0x5769071665eb8db80e7e9226f92336bb2897dcfa,OHM,9,FRAX,18,45.4316,461.8570595349226,461.8570595349226,2022-10-06 12:52:47,2022-12-13
0x237bbdc3be1e801e54204915a3108e51c2cdd2c69a06ca696496484a26325a71-0,1665052655,255,0x5769071665eb8db80e7e9226f92336bb2897dcfa,OHM,9,FRAX,18,136.163,1374.8467479847695,1374.8467479847695,2022-10-06 10:37:35,2022-12-12
0xc437c53ee9979916faf7395f371a5422dfbe8ee0b7394d365cfc320ecfe5bf24-0,1664903615,105,0x5769071665eb8db80e7e9226f92336bb2897dcfa,OHM,9,FRAX,18,227.404185062,2203.3557650816615,2203.3557650816615,2022-10-04 17:13:35,2022-12-12
0x3a4f2fe5a5435250d0ffc2a9a010efa78492c483c0c1110ee1220f2e817398b5-0,1664831051,81,0x5769071665eb8db80e7e9226f92336bb2897dcfa,OHM,9,FRAX,18,273.337540253,2633.1181479012885,2633.1181479012885,2022-10-03 21:04:11,2022-12-12
0xdcbd02999a74e413a39f5542e8b6c6a2784b123828e2567f6a1807226e133f74-0,1664828351,18,0x5769071665eb8db80e7e9226f92336bb2897dcfa,OHM,9,FRAX,18,378.094915776,3673.3984887778865,3673.3984887778865,2022-10-03 20:19:11,2022-12-12
0x9e14b470aae391c331ef781a91ac94b4d6e3125b0123868c0afb84236b5fb514-0,1664824751,423,0x5769071665eb8db80e7e9226f92336bb2897dcfa,OHM,9,FRAX,18,270.528079843,2653.2275140643746,2653.2275140643746,2022-10-03 19:19:11,2022-12-12
0xf7a1bd55cbfcdf5569ebd4b2cf4b57566a95adc11fb0f2d1a83c4d54a89009cf-0,1664796647,39,0x5769071665eb8db80e7e9226f92336bb2897dcfa,OHM,9,FRAX,18,290.352319429,2856.347159395406,2856.347159395406,2022-10-03 11:30:47,2022-12-12
0xcbf98a7c8c379b5ad27b8842ac24292f4c9cb087b4d70887b96e15bbfda6d974-0,1664796563,25,0x5769071665eb8db80e7e9226f92336bb2897dcfa,OHM,9,FRAX,18,262.663019517,2602.888389813514,2602.888389813514,2022-10-03 11:29:23,2022-12-12
0x2f5e8460c99b845abb6b43812b912a2042d4ba415f7936a7c0148f685f3789dd-0,1664754551,111,0x5769071665eb8db80e7e9226f92336bb2897dcfa,OHM,9,FRAX,18,111.055994707,1101.0109529045103,1101.0109529045103,2022-10-02 23:49:11,2022-12-11
0x5c21514a8db45c0e38feacd27bf46e9604e9f35b0c3601977d971e6e8314cc93-0,1664733275,15,0x5769071665eb8db80e7e9226f92336bb2897dcfa,OHM,9,FRAX,18,139.991549603,1393.9157703026176,1393.9157703026176,2022-10-02 17:54:35,2022-12-11
0x772b75a60f5a917ffeef2768fe03db4867cdb349767c62bffbe3c70187433814-0,1664731283,148,0x5769071665eb8db80e7e9226f92336bb2897dcfa,OHM,9,FRAX,18,119.732200664,1196.3106430511625,1196.3106430511625,2022-10-02 17:21:23,2022-12-11
0xceb51f45c2f54b5c7c567b98987bc9482420739aaf19349feb013fe644adae4e-0,1664731055,85,0x5769071665eb8db80e7e9226f92336bb2897dcfa,OHM,9,FRAX,18,219.804105083,2206.139032091291,2206.139032091291,2022-10-02 17:17:35,2022-12-11
0xb6134d854012f8ebad6e32fe81dfb1e87837d18d79ba783dc1101ce62ee4ba1b-0,1664730863,585,0x5769071665eb8db80e7e9226f92336bb2897dcfa,OHM,9,FRAX,18,141.196416235,1424.006338597691,1424.006338597691,2022-10-02 17:14:23,2022-12-11
0xc174aa173f7028a313bd34d0389db4917799aa7a945b6d9435155daa1326b6c2-0,1664706875,55,0x5769071665eb8db80e7e9226f92336bb2897dcfa,OHM,9,FRAX,18,139.203858862,1407.0758640857202,1407.0758640857202,2022-10-02 10:34:35,2022-12-11
0x737970a49f4c84833e5244583f2395f909041990717e887de1d41abedab7b223-0,1664655971,56,0x5769071665eb8db80e7e9226f92336bb2897dcfa,OHM,9,FRAX,18,270.906956603,2756.8103719376218,2756.8103719376218,2022-10-01 20:26:11,2022-12-11
0xec70bc6d075c342e31f073ef4c74fa726c55ec983bf46017d1503d8ffcaa1955-0,1664574191,36,0x5769071665eb8db80e7e9226f92336bb2897dcfa,OHM,9,FRAX,18,318.730337175,3281.166402109952,3281.166402109952,2022-09-30 21:43:11,2022-12-11
0x5aeabd7ede7d4c71fe97a0c324e3b6e712a8500f396cc6790d733471a35614ea-0,1664548751,86,0x5769071665eb8db80e7e9226f92336bb2897dcfa,OHM,9,FRAX,18,235.208551272,2443.893489185874,2443.893489185874,2022-09-30 14:39:11,2022-12-10
0x4f8e3366031c0bbfc1dcfb36aa44cbe8cc90c9b731892b6f548da2155fc88650-0,1664543471,145,0x5769071665eb8db80e7e9226f92336bb2897dcfa,OHM,9,FRAX,18,151.205635427,1580.0915148054382,1580.0915148054382,2022-09-30 13:11:11,2022-12-10
0xcec679ed15b40b0ffbd9e8c0ef5010dd4db8bd11259e25501f2986ef99f0166a-0,1664535407,97,0x5769071665eb8db80e7e9226f92336bb2897dcfa,OHM,9,FRAX,18,161.130421592,1693.6480666334223,1693.6480666334223,2022-09-30 10:56:47,2022-12-10
0xf667bc7ae846b32fe01eef51722452bc5c382c23dd67c07119d94136eede732e-0,1664530475,22,0x5769071665eb8db80e7e9226f92336bb2897dcfa,OHM,9,FRAX,18,229.855345217,2430.154110604312,2430.154110604312,2022-09-30 09:34:35,2022-12-10
0x1d7daae00a4e91cefbe09ff5b9abc3a3ca373c248e6a577b7138a3a6fb41e826-0,1664527235,335,0x5769071665eb8db80e7e9226f92336bb2897dcfa,OHM,9,FRAX,18,189.464859519,2015.724127915657,2015.724127915657,2022-09-30 08:40:35,2022-12-10
0xe49a6cb8ac5fe678ceed5569773884fb7f22d6a72a9002aa1aa52b545310994d-0,1664521403,287,0x5769071665eb8db80e7e9226f92336bb2897dcfa,OHM,9,FRAX,18,183.279805449,1960.8534610970266,1960.8534610970266,2022-09-30 07:03:23,2022-12-10
0x0c82e50b8b0954e336045bda66cea2e794619438ca0b20616f31f5129a1d84c5-0,1664520251,92,0x5769071665eb8db80e7e9226f92336bb2897dcfa,OHM,9,FRAX,18,172.425367614,1854.6241257228694,1854.6241257228694,2022-09-30 06:44:11,2022-12-10
0x7b2947b2e9a64b57a1e49d9f6925fc53f77bcd06dda1fa479761b9cf5563a2cf-0,1664461967,212,0x5769071665eb8db80e7e9226f92336bb2897dcfa,OHM,9,FRAX,18,31.2313,334.2109062214059,334.2109062214059,2022-09-29 14:32:47,2022-12-10
0xe2e21948e6570f2e1dc56d47756e1a54b641d63b0b6de7be0d97c9475efa6ce0-0,1664460875,130,0x5769071665eb8db80e7e9226f92336bb2897dcfa,OHM,9,FRAX,18,252.839912379,2717.301506533802,2717.301506533802,2022-09-29 14:14:35,2022-12-10
0x51c06609bc70d468f2347ba5ee72c5e109f0a198c9f02cec01ee684d7f7f6a58-0,1664428847,181,0x5769071665eb8db80e7e9226f92336bb2897dcfa,OHM,9,FRAX,18,479.829130322,5171.713600680823,5171.713600680823,2022-09-29 05:20:47,2022-12-10
0xa7900202f817a2a43bb0060de8714f64f2a78833d49d989f91f16b30817cec5b-0,1664428823,349,0x5769071665eb8db80e7e9226f92336bb2897dcfa,OHM,9,FRAX,18,253.114308329,2758.5462227467915,2758.5462227467915,2022-09-29 05:20:23,2022-12-10
0x4cb05fbd0890a57334f8e75435ac310913610435b6aec6a76ab5249c6ab2feaf-0,1664331995,361,0x5769071665eb8db80e7e9226f92336bb2897dcfa,OHM,9,FRAX,18,326.676856572,3467.6258783023604,3467.6258783023604,2022-09-28 02:26:35,2022-12-09
0xc628bf0c8dac9eb895a0a7aeb2e3f925bf30f82a16d21cbe4388e9068a22c4b3-0,1664302823,51,0x5769071665eb8db80e7e9226f92336bb2897dcfa,OHM,9,FRAX,18,307.800454087,3269.911840272834,3269.911840272834,2022-09-27 18:20:23,2022-12-09
0x9adeed93be0a2737b36c2296369a8303252acffc8ba5af2b109f63c7ceb725ed-0,1664298191,496,0x5769071665eb8db80e7e9226f92336bb2897dcfa,OHM,9,FRAX,18,241.037853422,2582.252383470876,2582.252383470876,2022-09-27 17:03:11,2022-12-08
0x6d521407443a4279e47fb7fd7887454f142fbdda3547bc944d0a343211310b8a-0,1664290223,35,0x5769071665eb8db80e7e9226f92336bb2897dcfa,OHM,9,FRAX,18,522.46886494,5662.598270181322,5662.598270181322,2022-09-27 14:50:23,2022-12-08
0x4b047c469ade701593ebe712cfac46256d865018564292b57c70bccdff44ccff-0,1664192303,322,0x5769071665eb8db80e7e9226f92336bb2897dcfa,OHM,9,FRAX,18,97.90624953,1017.7749751689433,1017.7749751689433,2022-09-26 11:38:23,2022-12-08
0xc3442d6790a1ae524ed36f78703a6d3a5b17821601197cef981ccc5d08e75e91-0,1664190779,84,0x5769071665eb8db80e7e9226f92336bb2897dcfa,OHM,9,FRAX,18,163.261077583,1703.8134460911192,1703.8134460911192,2022-09-26 11:12:59,2022-12-07
0x125c7eb30e177852782f1261b69be8f78b3e504c189103f9586b084819325e6b-0,1664143439,98,0x5769071665eb8db80e7e9226f92336bb2897dcfa,OHM,9,FRAX,18,322.730849436,3339.9475907930655,3339.9475907930655,2022-09-25 22:03:59,2022-12-07
0xea316bdd34a05fb360f14a9d50241a8d370203718d7aa8e280e163137773626a-0,1664125703,503,0x5769071665eb8db80e7e9226f92336bb2897dcfa,OHM,9,FRAX,18,169.625487634,1770.513921251862,1770.513921251862,2022-09-25 17:08:23,2022-12-07
0x44af1732d953397e8af3468e2845b9236e98df26c207e9bf8c20c595f03a38cc-0,1664036183,388,0x5769071665eb8db80e7e9226f92336bb2897dcfa,OHM,9,FRAX,18,602.09423865,6245.227806027422,6245.227806027422,2022-09-24 16:16:23,2022-12-06
0x44a2b3d426bb89598689b906cddfbd137e0c9842a138aa90cb50d8c66c4f0f2e-0,1663948079,64,0x5769071665eb8db80e7e9226f92336bb2897dcfa,OHM,9,FRAX,18,222.444363283,2226.1234442431933,2226.1234442431933,2022-09-23 15:47:59,2022-12-05
0x100b920170b47a33a241404e07f06809b0dc9348c3322286a7ad8ad6808e822a-0,1663943135,143,0x5769071665eb8db80e7e9226f92336bb2897dcfa,OHM,9,FRAX,18,202.450914351,2038.9972456281364,2038.9972456281364,2022-09-23 14:25:35,2022-12-05
0xec0a2c24f174c9522f14a4e2c64a53d1866d8ffe47eb98714f1023cf3273ccd6-0,1663932395,28,0x5769071665eb8db80e7e9226f92336bb2897dcfa,OHM,9,FRAX,18,159.949671634,1615.2437495814033,1615.2437495814033,2022-09-23 11:26:35,2022-12-05
0x142b0beee3cd673f143f320b614a35a52ba18e005366a16eaa0e0eb0fae5ab1a-0,1663928639,224,0x5769071665eb8db80e7e9226f92336bb2897dcfa,OHM,9,FRAX,18,205.904144566,2091.0525004152305,2091.0525004152305,2022-09-23 10:23:59,2022-12-05
0xd244c92ae22ab0145fc0aca773429e75c664ca4dcd2c2f51b37a6e51364da53e-0,1663798247,38,0x5769071665eb8db80e7e9226f92336bb2897dcfa,OHM,9,FRAX,18,253.031946039,2373.994694771291,2373.994694771291,2022-09-21 22:10:47,2022-12-05
0xe7ebadd4ea55296c3c22019ed0a4cb34eb6efa6a3c27d8d2e259a2add3c0c9f6-0,1663795031,364,0x5769071665eb8db80e7e9226f92336bb2897dcfa,OHM,9,FRAX,18,406.45008738,3850.291103625779,3850.291103625779,2022-09-21 21:17:11,2022-12-05
0x0078e571717fa0dbe25e35a14493073eec79d1ac514a899088aea7c8ade87e1c-0,1663794515,200,0x5769071665eb8db80e7e9226f92336bb2897dcfa,OHM,9,FRAX,18,276.401910026,2644.670753622636,2644.670753622636,2022-09-21 21:08:35,2022-12-04
0xbbbb4d4dd4150b7d211802ed4f2bd6fbd62c6f57235dcd95dcf252b6cfb44e85-0,1663793087,32,0x5769071665eb8db80e7e9226f92336bb2897dcfa,OHM,9,FRAX,18,236.073106428,2275.90101091237,2275.90101091237,2022-09-21 20:44:47,2022-12-04
0x1ce743aeb23ba4ac4d17d6c71eb54789995ce27b203a7f4ac1c4d2e967019772-0,1663791611,23,0x5769071665eb8db80e7e9226f92336bb2897dcfa,OHM,9,FRAX,18,339.480385386,3300.800715828732,3300.800715828732,2022-09-21 20:20:11,2022-12-04
0xbbbfb2b1c9e9deed15379eece9870a26287a7472db8687a3dae5de71be6684b4-0,1663788947,119,0x5769071665eb8db80e7e9226f92336bb2897dcfa,OHM,9,FRAX,18,260.675012872,2560.289413134653,2560.289413134653,2022-09-21 19:35:47,2022-12-04
0xeef022df35bba91a5abc539fca4be0476c3e1e472d1bbe5ce184f88b2cf174b8-0,1663783931,103,0x5769071665eb8db80e7e9226f92336bb2897dcfa,OHM,9,FRAX,18,437.430828165,4291.927534801802,4291.927534801802,2022-09-21 18:12:11,2022-12-03
0x8061d50918542ea07483b897773d1fa4a590fb3c66a6567e783ce152a64e237b-0,1663772615,297,0x5769071665eb8db80e7e9226f92336bb2897dcfa,OHM,9,FRAX,18,21.3782,211.1922028039337,211.1922028039337,2022-09-21 15:03:35,2022-12-03
0x6e705908e4794b14ef12e4d1d333b81050964dad562baadef61872329ae58980-0,1663744403,29,0x5769071665eb8db80e7e9226f92336bb2897dcfa,OHM,9,FRAX,18,169.532917111,1652.2260323532487,1652.2260323532487,2022-09-21 07:13:23,2022-12-03
0x891ecbefce8f99f057150fe7611de86500de8a7431fbf7d8195d180d16fc4d38-0,1663684163,84,0x5769071665eb8db80e7e9226f92336bb2897dcfa,OHM,9,FRAX,18,21.3482,208.02584958655999,208.02584958655999,2022-09-20 14:29:23,2022-12-03
0x23d7226c43e05eca5b982af238231ec6a9f6864c1fe265f2d6d75b0e72e3add6-0,1663602767,106,0x5769071665eb8db80e7e9226f92336bb2897dcfa,OHM,9,FRAX,18,129.538,1202.1682149090504,1202.1682149090504,2022-09-19 15:52:47,2022-12-02
0x848dcda14cc15c06e285b82b0da4f1a8324773c6b79b3a3c048fc74f0aa86228-0,1663571639,199,0x5769071665eb8db80e7e9226f92336bb2897dcfa,OHM,9,FRAX,18,156.5370368,1425.0138664001217,1425.0138664001217,2022-09-19 07:13:59,2022-12-02
0x3c28206f4455bf67d6451d522b1d145d733a43a572510ae2d10f863a0ce6ad71-0,1663562759,22,0x5769071665eb8db80e7e9226f92336bb2897dcfa,OHM,9,FRAX,18,168.803667987,1543.9094224470655,1543.9094224470655,2022-09-19 04:45:59,2022-12-02
0x9b020001fe9644f0b2c13b3e842a76d60a7c7256b665d8b9bf3b1710b0934c82-0,1663559183,540,0x5769071665eb8db80e7e9226f92336bb2897dcfa,OHM,9,FRAX,18,127.956394876,1176.7383841577725,1176.7383841577725,2022-09-19 03:46:23,2022-12-02
0x81a4c4208d05b4b8f0f970bf241c4c745824e5c170c29f3561c207d3ae2acb54-0,1663554443,106,0x5769071665eb8db80e7e9226f92336bb2897dcfa,OHM,9,FRAX,18,215.571393225,1992.3913939275617,1992.3913939275617,2022-09-19 02:27:23,2022-12-02
0x0a56e01d023f1f7897d46c522dc5df2aea339daee1e39d465a349401a3e148db-0,1663535975,194,0x5769071665eb8db80e7e9226f92336bb2897dcfa,OHM,9,FRAX,18,248.798215418,2315.0768896671143,2315.0768896671143,2022-09-18 21:19:35,2022-12-02
0x8fa73e563d69c44bd9134c7b644d081e0af2afaaf3abf20a8c218e75792b2976-0,1663535135,172,0x5769071665eb8db80e7e9226f92336bb2897dcfa,OHM,9,FRAX,18,146.701002115,1372.954069539956,1372.954069539956,2022-09-18 21:05:35,2022-12-02
0x47d8814db2a33d56fcbf8f83859d9ea0501855dbe2739ea2f1838e71bef3fe49-0,1663522631,53,0x5769071665eb8db80e7e9226f92336bb2897dcfa,OHM,9,FRAX,18,266.802397325,2515.129213794795,2515.129213794795,2022-09-18 17:37:11,2022-12-02
0x26788f9d761813373f42723e719807c3eedf8edc28ccaadedb73994103922135-0,1663521683,637,0x5769071665eb8db80e7e9226f92336bb2897dcfa,OHM,9,FRAX,18,369.618018696,3517.1615350379584,3517.1615350379584,2022-09-18 17:21:23,2022-12-02
0x2b321e8046aa4a959ca8d05ee9c1d8065dc504b124b0397eabefb8c2e7f3ebcc-0,1663520855,151,0x5769071665eb8db80e7e9226f92336bb2897dcfa,OHM,9,FRAX,18,232.917571144,2236.1730197715738,2236.1730197715738,2022-09-18 17:07:35,2022-12-02
0x5cf948e9e30e228ef4ed3b22c9c7126fe6b23e89184fb61c0655dd6a648afa0d-0,1663435979,197,0x5769071665eb8db80e7e9226f92336bb2897dcfa,OHM,9,FRAX,18,198.519655078,1914.6518666063523,1914.6518666063523,2022-09-17 17:32:59,2022-12-02
0xa1cbfa2c7dd07393f8bf5b58dc53a4af64f57fe27c64c3efd0ef85dd41bb7587-0,1663435907,172,0x5769071665eb8db80e7e9226f92336bb2897dcfa,OHM,9,FRAX,18,320.508444916,3115.209828462407,3115.209828462407,2022-09-17 17:31:47,2022-12-02
0x985b1bdb18e0f5f6180336cc13f5b46428e4b9579eecb3cbbaa037ea6f932f86-0,1663346183,479,0x5769071665eb8db80e7e9226f92336bb2897dcfa,OHM,9,FRAX,18,291.389527686,2716.9757181137074,2716.9757181137074,2022-09-16 16:36:23,2022-12-01
0xa31d3aecab958f2c8aee32e9427e49d0fb3c913227bd116fa64185fca6cdeb7a-0,1663340087,349,0x5769071665eb8db80e7e9226f92336bb2897dcfa,OHM,9,FRAX,18,193.606059448,1818.108856893882,1818.108856893882,2022-09-16 14:54:47,2022-12-01
0x79f839cbb096d06011824df1aeb74f70c77b4c7038a3383bd457ecd46a75dcd1-0,1663255043,369,0x5769071665eb8db80e7e9226f92336bb2897dcfa,OHM,9,FRAX,18,503.396718938,4760.1638102417655,4760.1638102417655,2022-09-15 15:17:23,2022-12-01
0x124f729038a84864460748e9f2c99d33955b3d7daaa23d78cacdd1521b23930e-0,1663253423,391,0x5769071665eb8db80e7e9226f92336bb2897dcfa,OHM,9,FRAX,18,493.623531254,4737.4592341159405,4737.4592341159405,2022-09-15 14:50:23,2022-12-01
0x9733924781b6915ef0b12d67b67e5f3e908e62d6e6ce1c72794ec9e6ec283c1e-0,1663253087,139,0x5769071665eb8db80e7e9226f92336bb2897dcfa,OHM,9,FRAX,18,418.458702501,4071.2888257079,4071.2888257079,2022-09-15 14:44:47,2022-12-01
0xcc2e55b4c89413ef0be23f40cc33ba55578dd016a9843690f151bca964dfd4b6-0,1663235147,40,0x5769071665eb8db80e7e9226f92336bb2897dcfa,OHM,9,FRAX,18,265.191729115,2609.907686357105,2609.907686357105,2022-09-15 09:45:47,2022-12-01
0x9116d11ce98b75ed5a09b0989d77b3c16e0d0013670c4b10f0ac77364c464d01-0,1663233095,52,0x5769071665eb8db80e7e9226f92336bb2897dcfa,OHM,9,FRAX,18,317.151960859,3148.95843474283,3148.95843474283,2022-09-15 09:11:35,2022-12-01
0x6bc897ade69e5caf537bfdebbc737cc3e557ff5a532c6a5938fb85cce8f5280d-0,1663230455,283,0x5769071665eb8db80e7e9226f92336bb2897dcfa,OHM,9,FRAX,18,339.268727219,3402.3973811138267,3402.3973811138267,2022-09-15 08:27:35,2022-12-01
0xbe19ad829ce90ff0783605e6562b4b01a5abeadb9ed0943ec234f553214cc2e6-0,1663227119,158,0x5769071665eb8db80e7e9226f92336bb2897dcfa,OHM,9,FRAX,18,439.17320677,4457.141440676537,4457.141440676537,2022-09-15 07:31:59,2022-12-01
0x4cb34a8e9d5ffa1821b32bc10a5ef4d796c7809123be5b96c02b51303af40476-0,1663220518,114,0x5769071665eb8db80e7e9226f92336bb2897dcfa,OHM,9,FRAX,18,156.767,1605.6535935141062,1605.6535935141062,2022-09-15 05:41:58,2022-12-01
0x260b9140c4c17cb9138c272d4e11c9ab1572fc00e5ab621bc6ac043e87cd6f54-0,1663212779,16,0x5769071665eb8db80e7e9226f92336bb2897dcfa,OHM,9,FRAX,18,305.393301738,3154.0965297300813,3154.0965297300813,2022-09-15 03:32:59,2022-12-01
0xade17219f461d7645fdc6e1234b831f5bc3d95f0ebff1df1e4dcf5a71ccffd29-0,1663210940,47,0x5769071665eb8db80e7e9226f92336bb2897dcfa,OHM,9,FRAX,18,222.775531181,2319.788383965099,2319.788383965099,2022-09-15 03:02:20,2022-12-01
0xa7e48383d1e2e8cb02758a339ef717ff158b7bc8da5c76ddd1877fb999fb2750-0,1663181390,25,0x5769071665eb8db80e7e9226f92336bb2897dcfa,OHM,9,FRAX,18,251.657287746,2643.1446361294607,2643.1446361294607,2022-09-14 18:49:50,2022-12-01
0x371130be726962c967258b28dbe07782703a4ab387d3baa020e0c0c594121992-0,1663126502,404,0x5769071665eb8db80e7e9226f92336bb2897dcfa,OHM,9,FRAX,18,8.5052,89.34560575481095,89.34560575481095,2022-09-14 03:35:02,2022-11-30
0xcc39b7dedce001400097612e2bd30db1c503606ad9e6e13ba6c14ae9591775e3-0,1663111526,65,0x5769071665eb8db80e7e9226f92336bb2897dcfa,OHM,9,FRAX,18,255.531471189,2683.5049515564824,2683.5049515564824,2022-09-13 23:25:26,2022-11-30
0x1d3c36803d623e915ef5c9611b5967dbecc7da55c059e9fdf4b03c41b7c0aed9-1,1663105088,36,0x5769071665eb8db80e7e9226f92336bb2897dcfa,OHM,9,FRAX,18,197.853143433,2092.6112414513996,2092.6112414513996,2022-09-13 21:38:08,2022-11-30
0xa45f6d11432ae98a994feb969c19c95580ab1e55112c420c8a198592420372b1-0,1663087487,306,0x5769071665eb8db80e7e9226f92336bb2897dcfa,OHM,9,FRAX,18,21.3871,225.502538617922,225.502538617922,2022-09-13 16:44:47,2022-11-30
0x14834fe8d7f53059be225c6ce6b825bb10bc0a3fe7e5d1e54fcf12059383154e-0,1663081807,14,0x5769071665eb8db80e7e9226f92336bb2897dcfa,OHM,9,FRAX,18,272.615199535,2887.760477358035,2887.760477358035,2022-09-13 15:10:07,2022-11-30
0xfb1aed98f797c4618f0fbc99693d9c006780c03386df1c8b0ad480126c57b238-0,1663080333,58,0x5769071665eb8db80e7e9226f92336bb2897dcfa,OHM,9,FRAX,18,153.525583285,1637.2183267511969,1637.2183267511969,2022-09-13 14:45:33,2022-11-30
0x93e321958b03deaec67f0ffef90d10a987ddbdf490f398bc1294b0926cfe733b-0,1663079998,53,0x5769071665eb8db80e7e9226f92336bb2897dcfa,OHM,9,FRAX,18,207.71959607,2227.845988172236,2227.845988172236,2022-09-13 14:39:58,2022-11-30
0xd6dab573705a7391b1267bda78c25b948f62c2e4f1f93f74b4eebb99e48c45d3-0,1663075619,141,0x5769071665eb8db80e7e9226f92336bb2897dcfa,OHM,9,FRAX,18,345.941152186,3743.082690274252,3743.082690274252,2022-09-13 13:26:59,2022-11-30
0x3ca0dc4dffb0849c0327442148f444992aade6eb2c7e5227e358f88818739bae-0,1663072814,99,0x5769071665eb8db80e7e9226f92336bb2897dcfa,OHM,9,FRAX,18,322.278917317,3524.410177524343,3524.410177524343,2022-09-13 12:40:14,2022-11-30
0x5c9f39fb95dfaa2dd96ee1dd1dc3c5c7f847aa5a95acdfe9bdd4d8729b1d4e8b-0,1663062316,402,0x5769071665eb8db80e7e9226f92336bb2897dcfa,OHM,9,FRAX,18,104.195,1137.5969890633287,1137.5969890633287,2022-09-13 09:45:16,2022-11-30
0x431ddcdea5edcfc8833606c1bd354d326904fb9fd9c72e196e263beaf3e30cd8-0,1663029082,63,0x5769071665eb8db80e7e9226f92336bb2897dcfa,OHM,9,FRAX,18,234.573065725,2578.1938490094285,2578.1938490094285,2022-09-13 00:31:22,2022-11-29
0x534cc213fd9896e8147f82664aa1a4fd02f55268ed4ef13a4bbc7fb1ab2a8754-0,1663026529,15,0x5769071665eb8db80e7e9226f92336bb2897dcfa,OHM,9,FRAX,18,145.967347212,1614.2929702119684,1614.2929702119684,2022-09-12 23:48:49,2022-11-29
0xa9f874d70a4788616f725243e71236cc25636fe3d33d6ec281ad949ae3285c71-0,1663018541,24,0x5769071665eb8db80e7e9226f92336bb2897dcfa,OHM,9,FRAX,18,203.580807337,2264.35231329363,2264.35231329363,2022-09-12 21:35:41,2022-11-29
0x13c4ccbe98980e386d6e8254f1f0b7859a34582a605906f02629e10de4fcf99f-0,1662973307,443,0x5769071665eb8db80e7e9226f92336bb2897dcfa,OHM,9,FRAX,18,111.249,1245.2921780566103,1245.2921780566103,2022-09-12 09:01:47,2022-11-29
0x256688cdfa3217ca98d387057e9859f273641ecc5487b9ca3d0bf3c1fc82b45b-0,1662953082,375,0x5769071665eb8db80e7e9226f92336bb2897dcfa,OHM,9,FRAX,18,185.556387507,2083.15186506239,2083.15186506239,2022-09-12 03:24:42,2022-11-29
0xf87a76f9e5cf68452d6cf55485b5195db29e5ee02de240204e4594f3f562c226-0,1662680386,26,0x5769071665eb8db80e7e9226f92336bb2897dcfa,OHM,9,FRAX,18,218.661609337,2445.709676102096,2445.709676102096,2022-09-08 23:39:46,2022-11-29
0x75bf830109f78c3ec03d81e8be09e6a53e08582cd029a8c1bcb7b0c6dba63ccf-0,1662659761,212,0x5769071665eb8db80e7e9226f92336bb2897dcfa,OHM,9,FRAX,18,957.190442107,10687.878585776194,10687.878585776194,2022-09-08 17:56:01,2022-11-29
0x0d214dd05c1ccc03ba61e114a4683c272803405121cc6d97b84c688d60674eeb-0,1662518104,22,0x5769071665eb8db80e7e9226f92336bb2897dcfa,OHM,9,FRAX,18,195.153453341,2130.4688040061833,2130.4688040061833,2022-09-07 02:35:04,2022-11-28
0x2ea8efc2160a3b7b22f64612d85deee62a66c26d14541b09400f9503d2f1bb17-0,1662505043,174,0x5769071665eb8db80e7e9226f92336bb2897dcfa,OHM,9,FRAX,18,230.014,2531.746561059173,2531.746561059173,2022-09-06 22:57:23,2022-11-28
0x81639e126acaf83a0209cea3d1a3879ec68deaa1aed784dd88b105bf0355196b-0,1662502654,39,0x5769071665eb8db80e7e9226f92336bb2897dcfa,OHM,9,FRAX,18,187.113605132,2076.244832396122,2076.244832396122,2022-09-06 22:17:34,2022-11-28
0x599b7d2c4ec585133a4e0bd19c96bd28314d74c4563c4a21175df61a6cc22c70-0,1662485158,88,0x5769071665eb8db80e7e9226f92336bb2897dcfa,OHM,9,FRAX,18,373.414176991,4194.078875632802,4194.078875632802,2022-09-06 17:25:58,2022-11-28
0xcc2cad06e2284388f5b011dcd25436dd61351b82a17b36f76a47f7e0e9721e74-0,1662191840,26,0x5769071665eb8db80e7e9226f92336bb2897dcfa,OHM,9,FRAX,18,222.54998411,2481.6300686241984,2481.6300686241984,2022-09-03 07:57:20,2022-11-28
0xa76648d268e383ee4a9b84b781a280992f2c3d6c43de1f5cfba74c33badd27b4-0,1662161079,80,0x5769071665eb8db80e7e9226f92336bb2897dcfa,OHM,9,FRAX,18,123.753762626,1391.9100068628184,1391.9100068628184,2022-09-02 23:24:39,2022-11-28
0xdb4ffeced5271066cd22d35ecce4153688a9d767ac6e750efe6c66fb0edf7174-0,1662140205,25,0x5769071665eb8db80e7e9226f92336bb2897dcfa,OHM,9,FRAX,18,225.945697292,2564.42994077187,2564.42994077187,2022-09-02 17:36:45,2022-11-28
0xccecef71d61da09ea6b8761acbcc7616d33ca57f31d1d99412cc70d37f78f4f8-0,1662030984,269,0x5769071665eb8db80e7e9226f92336bb2897dcfa,OHM,9,FRAX,18,94.194,1065.5133152976252,1065.5133152976252,2022-09-01 11:16:24,2022-11-28
0x00ca6571393334fb1bbdb5f3c9b6ba1be773ffc1d429f1f6d45cf34db260f396-0,1662029821,20,0x5769071665eb8db80e7e9226f92336bb2897dcfa,OHM,9,FRAX,18,211.808110863,2428.8498094129777,2428.8498094129777,2022-09-01 10:57:01,2022-11-28
0x5cae45a595ff154e79d919d67861588d99539b26deddef10bd0fb3272ff187fb-0,1662019782,39,0x5769071665eb8db80e7e9226f92336bb2897dcfa,OHM,9,FRAX,18,104.663400777,1218.2038489552776,1218.2038489552776,2022-09-01 08:09:42,2022-11-28
0x03a8ebe78174b1664f20c2ff5c497516e4fd8b619f9a73191ae223e6704d79b4-0,1661932674,10,0x5769071665eb8db80e7e9226f92336bb2897dcfa,OHM,9,FRAX,18,123.267630442,1463.950799847277,1463.950799847277,2022-08-31 07:57:54,2022-11-28
0xf9c05d9fc098707a17186e7f4dc0e337bccae90548713c4bbe0a0b8c5a9def4e-0,1661898824,62,0x5769071665eb8db80e7e9226f92336bb2897dcfa,OHM,9,FRAX,18,106.028445714,1258.065729215948,1258.065729215948,2022-08-30 22:33:44,2022-11-28
0x33b5d4f6874ec91cc127d1477f5b4635de4bffb028c1b61eeb994614b1f8c395-0,1661879262,10,0x5769071665eb8db80e7e9226f92336bb2897dcfa,OHM,9,FRAX,18,164.586586741,1969.1627534452036,1969.1627534452036,2022-08-30 17:07:42,2022-11-28
0xe817927301184674efc11c991bc937d39eea0460c0726d4a2b90c76b063f0d11-0,1661638702,53,0x5769071665eb8db80e7e9226f92336bb2897dcfa,OHM,9,FRAX,18,107.651287046,1292.808992717781,1292.808992717781,2022-08-27 22:18:22,2022-11-28
0x70734bbd35328d62a386517bbaa3d425ab81dc2577d4f5dadd3dbdafa5bb62bc-0,1661617624,356,0x5769071665eb8db80e7e9226f92336bb2897dcfa,OHM,9,FRAX,18,96.226549373,1175.3487836563547,1172.5360842036105,2022-08-27 16:27:04,2022-11-28
0xa81d47fb2fba1ec789834a4e299386ec680d215f0e3ae99178b1a6407a340d45-0,1661556839,446,0x5769071665eb8db80e7e9226f92336bb2897dcfa,OHM,9,FRAX,18,183.614649545,2300.0780712100513,2286.2575603469218,2022-08-26 23:33:59,2022-11-28
